,drone1_x,drone1_y,drone1_z,drone2_x,drone2_y,drone2_z,drone3_x,drone3_y,drone3_z,drone4_x,drone4_y,drone4_z
0,1.15691494942,1.51688802242,0.539625167847,0.308005511761,1.46424782276,0.547108113766,1.1676774025,0.843320131302,0.545550584793,0.321347624063,0.825829029083,0.545285403728
1,1.15721130371,1.51402783394,0.537149071693,0.30665948987,1.46270811558,0.543661475182,1.16675913334,0.845795273781,0.541596829891,0.322028726339,0.82723480463,0.548937857151
2,1.16130447388,1.51704800129,0.533072173595,0.307356387377,1.4615534544,0.540446698666,1.16986238956,0.848629832268,0.537172019482,0.322141647339,0.827693998814,0.552512645721
3,1.17147445679,1.5282664299,0.527322530746,0.312087833881,1.46266663074,0.536429345608,1.18106615543,0.853424489498,0.530038893223,0.321377128363,0.827192425728,0.55464053154
4,1.1859691143,1.54446280003,0.52206325531,0.320059895515,1.46541309357,0.530215024948,1.19673275948,0.858548939228,0.522688984871,0.321265012026,0.826513707638,0.55393242836
5,1.20704197884,1.56837522984,0.516107082367,0.332128882408,1.47140026093,0.523761689663,1.22053384781,0.865280389786,0.513730049133,0.323456704617,0.825802206993,0.550282120705
6,1.23062729836,1.59421300888,0.510210514069,0.346571475267,1.47839868069,0.517725229263,1.24711048603,0.872078835964,0.506170749664,0.328422039747,0.824623286724,0.545119225979
7,1.263225317,1.62882077694,0.503647148609,0.367664426565,1.4884608984,0.511818051338,1.28500854969,0.880085289478,0.498803019524,0.338785946369,0.823441207409,0.538114607334
8,1.29604136944,1.66159844398,0.498394817114,0.388944268227,1.49925506115,0.508378922939,1.32389426231,0.886853814125,0.494728684425,0.353110194206,0.821819126606,0.530985295773
9,1.33048784733,1.69423747063,0.494277894497,0.411212921143,1.51139450073,0.50587284565,1.3647891283,0.89231544733,0.493372917175,0.371029645205,0.819550454617,0.524398624897
10,1.36589050293,1.72548174858,0.491003513336,0.433749556541,1.52403950691,0.502282738686,1.40656900406,0.897140800953,0.493093907833,0.391390383244,0.816763937473,0.518994271755
11,1.40465629101,1.75754833221,0.488381266594,0.458673000336,1.53829610348,0.4993660748,1.45168375969,0.901067972183,0.493426293135,0.415354460478,0.813155949116,0.514492630959
12,1.43253421783,1.77876508236,0.486617773771,0.476478785276,1.54818463326,0.497451901436,1.48372125626,0.903029382229,0.493970900774,0.432731598616,0.81081199646,0.512132704258
13,1.46988999844,1.80564546585,0.485070347786,0.501160204411,1.56058442593,0.495577514172,1.52557885647,0.90435141325,0.493633717299,0.456115096807,0.807839214802,0.509267926216
14,1.5083925724,1.83155655861,0.483575969934,0.52716255188,1.57267546654,0.494394302368,1.56858563423,0.904396474361,0.492598444223,0.480219006538,0.805387198925,0.506907999516
15,1.53870928288,1.85089075565,0.482360839844,0.547832489014,1.58130300045,0.493772208691,1.6022850275,0.904080450535,0.4914457798,0.499163866043,0.802707850933,0.505769014359
16,1.56735873222,1.86859619617,0.48124191165,0.567991435528,1.58833038807,0.492482692003,1.63317525387,0.903599619865,0.490121245384,0.517378032207,0.799875020981,0.505288660526
17,1.59206199646,1.88365471363,0.480365306139,0.585253179073,1.59370684624,0.491362988949,1.65951883793,0.903353989124,0.488973170519,0.53308480978,0.796770453453,0.505651295185
18,1.62059497833,1.90132403374,0.47970816493,0.604953944683,1.59999859333,0.490260541439,1.68974804878,0.903403699398,0.488223731518,0.551642537117,0.79232108593,0.50652384758
19,1.64579856396,1.9163749218,0.479390352964,0.622118532658,1.60614180565,0.48880687356,1.71529603004,0.903811335564,0.487672477961,0.568586289883,0.787359237671,0.507379233837
20,1.67083060741,1.9320089817,0.478279709816,0.639022886753,1.61262726784,0.487111032009,1.73994386196,0.904834926128,0.487522661686,0.586799800396,0.788045942783,0.507722973824
21,1.6926292181,1.94527280331,0.478193759918,0.653896033764,1.61878192425,0.485352098942,1.76077401638,0.905885100365,0.487223684788,0.601817429066,0.783374845982,0.507838606834
22,1.72150921822,1.96294248104,0.477302521467,0.673244595528,1.62752664089,0.483036011457,1.78771173954,0.907595396042,0.486900478601,0.622283041477,0.781164526939,0.507359206676
23,1.74785590172,1.97824060917,0.476598978043,0.690108001232,1.63571918011,0.481850147247,1.81145632267,0.909622728825,0.486317485571,0.643064200878,0.784497380257,0.504945933819
24,1.76907360554,1.99132108688,0.474905610085,0.702905595303,1.64313113689,0.481594085693,1.83053863049,0.911334455013,0.48589605093,0.659001350403,0.785452246666,0.501802206039
25,1.79444730282,2.00602412224,0.473117560148,0.717302262783,1.65270352364,0.481351554394,1.85355770588,0.913461625576,0.485589146614,0.679248809814,0.787405610085,0.499135166407
26,1.8169362545,2.01896095276,0.471149355173,0.72900146246,1.66225981712,0.4813593328,1.87383234501,0.915290236473,0.485133528709,0.697454810143,0.790263414383,0.494774699211
27,1.83915758133,2.03085112572,0.468775212765,0.739951908588,1.67309701443,0.4806214571,1.89351642132,0.916887879372,0.48564735055,0.714463472366,0.793263137341,0.487948536873
28,1.86075186729,2.04292154312,0.465767800808,0.750583827496,1.68514370918,0.479482591152,1.91312348843,0.918747365475,0.485384613276,0.731304466724,0.796543121338,0.482700645924
29,1.88164556026,2.05450439453,0.462515592575,0.760512650013,1.69809520245,0.478621542454,1.93200612068,0.920795202255,0.485145121813,0.745179176331,0.798969686031,0.476582616568
30,1.9018228054,2.06594848633,0.459870219231,0.770076215267,1.7122194767,0.477830529213,1.9502158165,0.922524511814,0.484773725271,0.759058713913,0.802473306656,0.472178757191
31,1.92310273647,2.07726597786,0.457446247339,0.780341029167,1.72856080532,0.477004379034,1.96981179714,0.924664914608,0.484351754189,0.771681964397,0.80640745163,0.466782063246
32,1.94208562374,2.08800196648,0.455702573061,0.791203022003,1.74598765373,0.476202845573,1.98855388165,0.926467120647,0.483972907066,0.783385276794,0.811240792274,0.460654020309
33,1.96213161945,2.09737873077,0.454693049192,0.8038610816,1.76508426666,0.475573420525,2.00872206688,0.929208278656,0.482344895601,0.797294437885,0.817658305168,0.453666836023
34,1.97804665565,2.10450148582,0.453847408295,0.814932048321,1.78105306625,0.475919932127,2.02462363243,0.931239366531,0.481626242399,0.810308933258,0.824295043945,0.449072599411
35,1.99272656441,2.11050462723,0.452461630106,0.82776337862,1.79592621326,0.47567820549,2.04005336761,0.933186948299,0.481275707483,0.824732065201,0.831377387047,0.445740014315
36,2.00562286377,2.11537408829,0.451099157333,0.839402556419,1.808791399,0.474416226149,2.05319952965,0.934654951096,0.481327265501,0.839021861553,0.837915658951,0.444065392017
37,2.02079224586,2.12074184418,0.449743837118,0.854486703873,1.8232666254,0.471014767885,2.06923747063,0.936797738075,0.479549765587,0.857640266418,0.844758749008,0.443333745003
38,2.03428483009,2.12436079979,0.448905199766,0.868658721447,1.83516323566,0.467811346054,2.0836083889,0.938540041447,0.478786110878,0.875231385231,0.850087165833,0.443292140961
39,2.04871749878,2.12837219238,0.44867259264,0.884432375431,1.84708535671,0.465625733137,2.09899878502,0.940527617931,0.478195756674,0.894636511803,0.852017819881,0.44285389781
40,2.06291079521,2.13163042068,0.448881089687,0.900035023689,1.85770118237,0.464783459902,2.11437940598,0.942656755447,0.477858066559,0.915725171566,0.857744216919,0.444059103727
41,2.07403230667,2.13414716721,0.448010802269,0.912438988686,1.86550498009,0.46450906992,2.12689352036,0.944720447063,0.477744042873,0.931949913502,0.859757840633,0.445660620928
42,2.08771634102,2.1378159523,0.446935027838,0.927078604698,1.87415349483,0.463991433382,2.14207291603,0.947456002235,0.47821521759,0.951409339905,0.862653017044,0.447957396507
43,2.10211348534,2.14165401459,0.445569574833,0.943024933338,1.88305723667,0.463291704655,2.15913891792,0.951420843601,0.476743817329,0.97213447094,0.866401016712,0.449670225382
44,2.1138484478,2.14546895027,0.443629086018,0.957291007042,1.89000833035,0.463186174631,2.17335820198,0.955317914486,0.475935816765,0.988816618919,0.87037807703,0.450704991817
45,2.12537288666,2.14998173714,0.441343635321,0.972196340561,1.89661443233,0.463298588991,2.18738770485,0.959529340267,0.4749520123,1.00535273552,0.87454533577,0.451527684927
46,2.14265108109,2.15741276741,0.437462925911,0.995524346828,1.90622973442,0.463672161102,2.20835375786,0.965962290764,0.474524438381,1.02854049206,0.880585074425,0.455020159483
47,2.1552400589,2.16312813759,0.43502625823,1.01221847534,1.91383719444,0.463973939419,2.22399926186,0.970856189728,0.474407672882,1.0442097187,0.884315490723,0.458688050508
48,2.16755700111,2.16891121864,0.433457553387,1.02856361866,1.92202270031,0.46453666687,2.23967909813,0.975570082664,0.475253432989,1.05887234211,0.887254834175,0.461744964123
49,2.1797876358,2.1745197773,0.432270854712,1.04458987713,1.93092799187,0.464233130217,2.25524997711,0.979860901833,0.476627349854,1.07281947136,0.88961815834,0.463344186544
50,2.19090342522,2.17961072922,0.431796103716,1.05924665928,1.93970656395,0.462565660477,2.26960778236,0.983338952065,0.477176338434,1.08492767811,0.891715943813,0.463607192039
51,2.20185399055,2.18457937241,0.431463479996,1.07350409031,1.94937825203,0.460522860289,2.28368020058,0.986211895943,0.47768330574,1.09674799442,0.894173383713,0.463522344828
52,2.21181559563,2.18907427788,0.431241363287,1.08776032925,1.9599146843,0.459448635578,2.29732513428,0.988818407059,0.478188365698,1.10826802254,0.89727294445,0.463418334723
53,2.2239086628,2.1947748661,0.430824995041,1.10182881355,1.97162687778,0.459785968065,2.31122565269,0.991384148598,0.476496964693,1.11953544617,0.901120483875,0.463315010071
54,2.23725867271,2.20096206665,0.430633604527,1.11826181412,1.9866091013,0.460005611181,2.32733130455,0.994040250778,0.475492358208,1.13280045986,0.907131075859,0.462669461966
55,2.24858784676,2.20604109764,0.430247426033,1.1311327219,2.00009274483,0.459843635559,2.34014415741,0.996130466461,0.47575956583,1.1434032917,0.913355529308,0.461858272552
56,2.2599029541,2.21108174324,0.429588407278,1.14409303665,2.01333880424,0.459491968155,2.35242462158,0.998182892799,0.475723087788,1.15389788151,0.920129656792,0.460056692362
57,2.27339935303,2.21695518494,0.428781270981,1.15921616554,2.02927732468,0.459990620613,2.36648058891,1.00041508675,0.475868463516,1.16549384594,0.928722560406,0.457079291344
58,2.28371977806,2.22161078453,0.428683489561,1.16839504242,2.04218006134,0.460437446833,2.37669634819,1.00213241577,0.475976884365,1.17374932766,0.935119450092,0.45444253087
59,2.29546952248,2.22604990005,0.428896635771,1.18014931679,2.05672550201,0.460561692715,2.38821077347,1.00437581539,0.475697606802,1.18383002281,0.94289535284,0.451262742281
60,2.30532741547,2.2299349308,0.42868500948,1.18868470192,2.06871652603,0.459862977266,2.39762353897,1.00626444817,0.474913388491,1.19238448143,0.949165165424,0.448834121227
61,2.31724619865,2.23326921463,0.427871495485,1.19854927063,2.0828166008,0.458279341459,2.4077603817,1.00840330124,0.474837422371,1.2032866478,0.957211136818,0.445639699697
62,2.32765245438,2.23614168167,0.427697718143,1.20863807201,2.09386897087,0.456088215113,2.41651105881,1.01018249989,0.4751727283,1.21404671669,0.964587152004,0.442004740238
63,2.3380818367,2.23808765411,0.427481144667,1.21833896637,2.10420203209,0.454896777868,2.42499303818,1.01224422455,0.475415021181,1.22564983368,0.972420811653,0.438133656979
64,2.34753513336,2.23999929428,0.426991075277,1.2267370224,2.11285710335,0.454796791077,2.43216323853,1.01416885853,0.475395321846,1.23611235619,0.979553282261,0.43509966135
65,2.35610103607,2.25089073181,0.414032459259,1.23655939102,2.12202143669,0.455243825912,2.44043254852,1.01660192013,0.475164800882,1.24790620804,0.988063871861,0.432590425014
66,2.36763000488,2.25225734711,0.416858673096,1.24645042419,2.1313958168,0.455524712801,2.44918251038,1.01932048798,0.47454303503,1.2584271431,0.997123360634,0.431013405323
67,2.37686824799,2.25367879868,0.420398235321,1.25427258015,2.13898062706,0.454852610826,2.45674657822,1.02224850655,0.473408609629,1.26565313339,1.00438725948,0.430064827204
68,2.38866066933,2.24630999565,0.437336504459,1.26138579845,2.14653110504,0.453950405121,2.46339821815,1.02539741993,0.472520798445,1.2712854147,1.01173818111,0.429376214743
69,2.3991086483,2.24788403511,0.439975112677,1.26929414272,2.15554833412,0.453781217337,2.4718811512,1.02913916111,0.471746563911,1.27690076828,1.0205283165,0.429139643908
70,2.40665507317,2.24944138527,0.438710033894,1.27511465549,2.16236186028,0.453807324171,2.47796440125,1.03162097931,0.47186383605,1.28047382832,1.02657091618,0.429165244102
71,2.41502261162,2.25211548805,0.435201138258,1.28134608269,2.17093300819,0.452934443951,2.48550152779,1.03536176682,0.471969753504,1.28445470333,1.03327655792,0.430626481771
72,2.42101192474,2.25505161285,0.432930350304,1.28617238998,2.17772674561,0.451441079378,2.49161553383,1.0380923748,0.472325205803,1.28779506683,1.03754007816,0.433164060116
73,2.42807531357,2.25934672356,0.431401401758,1.29153490067,2.18593358994,0.449452161789,2.49889349937,1.0411683321,0.472710967064,1.29096055031,1.04042291641,0.435345649719
74,2.43540358543,2.26443338394,0.430254429579,1.29696583748,2.19423770905,0.448005467653,2.50624513626,1.0441890955,0.473182708025,1.29495692253,1.04179561138,0.436867713928
75,2.44095873833,2.26844644547,0.430157989264,1.3012059927,2.1999745369,0.448344260454,2.5116956234,1.04590761662,0.473595827818,1.2982956171,1.04153859615,0.437221586704
76,2.44854354858,2.27387142181,0.429416656494,1.30676960945,2.20694828033,0.449357181787,2.51823449135,1.04838180542,0.47420796752,1.30309009552,1.03985357285,0.43754068017
77,2.45538043976,2.27872061729,0.428608030081,1.31196403503,2.21228504181,0.449629604816,2.52382516861,1.05054759979,0.474755674601,1.30819678307,1.03762817383,0.43779245019
78,2.46257543564,2.28355288506,0.427862733603,1.3175702095,2.21745991707,0.448908358812,2.52942323685,1.05258309841,0.474916636944,1.31421899796,1.03513514996,0.438019543886
79,2.46818470955,2.28718805313,0.426785051823,1.32209467888,2.22127342224,0.447847902775,2.53358364105,1.05417156219,0.475166231394,1.3193706274,1.03401207924,0.438475012779
80,2.47406768799,2.29063749313,0.426327973604,1.32561516762,2.22501349449,0.446638584137,2.53760957718,1.05612099171,0.475560575724,1.32397699356,1.03412795067,0.438790440559
81,2.47891139984,2.29333400726,0.425902485847,1.32932651043,2.22751235962,0.445306748152,2.54113340378,1.05792450905,0.475282490253,1.32754993439,1.03504943848,0.438882410526
82,2.48508238792,2.29679322243,0.426257640123,1.33274722099,2.23081088066,0.443135410547,2.54521799088,1.06063020229,0.47437697649,1.331376791,1.0371774435,0.439106047153
83,2.48969364166,2.29925751686,0.426646262407,1.33488106728,2.23342251778,0.440723478794,2.54823255539,1.06302607059,0.473201572895,1.33397626877,1.03918099403,0.438718438148
84,2.4955701828,2.30193138123,0.426908075809,1.33715605736,2.2369120121,0.438505113125,2.55154323578,1.06620275974,0.472223848104,1.33663737774,1.04167449474,0.437845170498
85,2.50030326843,2.30403637886,0.427002251148,1.33868956566,2.2399084568,0.437426716089,2.55395054817,1.06935894489,0.471653729677,1.33867692947,1.04400229454,0.436750262976
86,2.50647592545,2.30652832985,0.42715805769,1.34012711048,2.24404239655,0.437101989985,2.55608248711,1.07342588902,0.470441937447,1.3408421278,1.046844244,0.435880661011
87,2.51287293434,2.30930542946,0.427372038364,1.34099328518,2.24788069725,0.436983644962,2.55766057968,1.07835316658,0.468897342682,1.34325551987,1.04973614216,0.435639083385
88,2.51796841621,2.31172943115,0.427769124508,1.34157013893,2.25130963326,0.436058580875,2.55850696564,1.08281362057,0.467711359262,1.34485411644,1.0515486002,0.437061429024
89,2.52289891243,2.31426978111,0.427504837513,1.34142756462,2.2550778389,0.434956490993,2.55901527405,1.08762288094,0.466374695301,1.34608781338,1.05217289925,0.440178245306
90,2.52724289894,2.31697392464,0.426572412252,1.3418636322,2.25825786591,0.435034871101,2.55942344666,1.09262728691,0.465097099543,1.3467208147,1.05176651478,0.443464338779
91,2.53129673004,2.32041120529,0.425547599792,1.34252393246,2.26158595085,0.435441434383,2.55966114998,1.09813690186,0.46360886097,1.34689307213,1.04993391037,0.447186499834
92,2.5349111557,2.32391190529,0.424718052149,1.34343147278,2.26464724541,0.435726493597,2.56000208855,1.10368061066,0.461970120668,1.34749603271,1.04705536366,0.45005980134
93,2.53735470772,2.32656407356,0.424171030521,1.34428882599,2.26687192917,0.43499276042,2.56036663055,1.10780632496,0.460866212845,1.34864580631,1.04395508766,0.452173620462
94,2.54043602943,2.33017063141,0.423499196768,1.34577298164,2.26986408234,0.434151560068,2.56088089943,1.11166155338,0.459246754646,1.35095477104,1.04088163376,0.453914731741
95,2.54263401031,2.33335232735,0.423121988773,1.34702265263,2.27298760414,0.434316635132,2.56164717674,1.11411547661,0.458204805851,1.354575634,1.03845930099,0.455415904522
96,2.54461336136,2.33701968193,0.422642976046,1.34844219685,2.27664709091,0.434706419706,2.56233525276,1.11530089378,0.457457870245,1.35944378376,1.03700065613,0.45726275444
97,2.54635071754,2.34144067764,0.422268569469,1.35006451607,2.2813346386,0.434888869524,2.56296348572,1.11405324936,0.458250075579,1.36651611328,1.03726160526,0.459916621447
98,2.54733037949,2.34478163719,0.421982973814,1.35154950619,2.28495573997,0.43519076705,2.56343579292,1.11238706112,0.459891140461,1.37226903439,1.03940010071,0.461848765612
99,2.54828476906,2.34908986092,0.421523243189,1.35349500179,2.28917431831,0.435399472713,2.56320214272,1.11076140404,0.461082547903,1.37779140472,1.04330539703,0.46281477809
100,2.54922199249,2.3536002636,0.420912981033,1.35488581657,2.29402923584,0.43564298749,2.56241130829,1.11023437977,0.461348056793,1.38359987736,1.04908490181,0.463261902332
101,2.54991412163,2.35698580742,0.420753836632,1.35554790497,2.29751849174,0.435552805662,2.56135344505,1.11084496975,0.461416482925,1.38810229301,1.05542194843,0.463319808245
102,2.55079936981,2.36164593697,0.420916706324,1.35606467724,2.30296111107,0.435134828091,2.5595896244,1.11372983456,0.460864365101,1.39324772358,1.06423103809,0.463389128447
103,2.55155992508,2.36594796181,0.421812862158,1.35674238205,2.30784130096,0.434779882431,2.55761051178,1.11658501625,0.460835129023,1.39722311497,1.07268643379,0.462688446045
104,2.55227708817,2.36949539185,0.422568261623,1.35609543324,2.31286430359,0.434362500906,2.55605983734,1.12033808231,0.46016445756,1.40045440197,1.08159863949,0.461894571781
105,2.55276322365,2.37358283997,0.423438996077,1.35515534878,2.31896924973,0.43397372961,2.55426025391,1.12661278248,0.458824902773,1.4034101963,1.09044802189,0.461149424314
106,2.55299139023,2.37717103958,0.424150288105,1.35429275036,2.32412552834,0.43295019865,2.55280208588,1.13282597065,0.457234174013,1.40566563606,1.09908902645,0.460906356573
107,2.55300116539,2.38067483902,0.42495650053,1.35357391834,2.32823967934,0.432100862265,2.5515100956,1.1397548914,0.455415636301,1.40748155117,1.10702085495,0.461680859327
108,2.5528254509,2.38427495956,0.425713390112,1.352222085,2.33143663406,0.430940300226,2.55039262772,1.14644479752,0.453860133886,1.40828478336,1.1141256094,0.463034838438
109,2.55257892609,2.3875246048,0.425892919302,1.35100090504,2.33389186859,0.430388748646,2.5492413044,1.15333259106,0.453331828117,1.40834867954,1.12060678005,0.464436858892
110,2.55247044563,2.39049315453,0.425953030586,1.34998142719,2.33544278145,0.429957419634,2.54835510254,1.15934157372,0.454000622034,1.40779304504,1.12590456009,0.465227246284
111,2.55241727829,2.39401102066,0.425734907389,1.34896862507,2.33675312996,0.429132640362,2.54739737511,1.16660249233,0.455689996481,1.40643930435,1.13162791729,0.465509861708
112,2.5525405407,2.39739918709,0.425674557686,1.34831023216,2.33813667297,0.427878409624,2.54657840729,1.17283856869,0.456788092852,1.40442323685,1.13609862328,0.465016275644
113,2.55255889893,2.40108299255,0.425470143557,1.34735810757,2.34052538872,0.425830841064,2.54631304741,1.17953908443,0.457610040903,1.40179026127,1.14016366005,0.4642803967
114,2.55234265327,2.40488266945,0.425531983376,1.34548676014,2.34455227852,0.4245685637,2.54609727859,1.186226964,0.457416146994,1.39865410328,1.14392328262,0.463238716125
115,2.55194234848,2.40904808044,0.425253242254,1.34337306023,2.35002756119,0.424565643072,2.54610872269,1.19372797012,0.456793904305,1.39485502243,1.14705455303,0.462727189064
116,2.551258564,2.4130628109,0.424555599689,1.33969151974,2.35854482651,0.425523430109,2.54575228691,1.20132744312,0.456002026796,1.39114892483,1.14999902248,0.463475257158
117,2.550385952,2.41638922691,0.424624174833,1.33688485622,2.36658620834,0.425705611706,2.54536724091,1.20756924152,0.455507785082,1.38828516006,1.15270495415,0.464418172836
118,2.54931521416,2.41993331909,0.424374401569,1.33351266384,2.37680459023,0.425052881241,2.54489779472,1.213935256,0.455390781164,1.3850581646,1.15624237061,0.465407371521
119,2.54777765274,2.42343497276,0.423761606216,1.33004772663,2.38756227493,0.424828380346,2.5444521904,1.22051894665,0.455338358879,1.38153517246,1.16025471687,0.465476721525
120,2.54644680023,2.42661333084,0.42294767499,1.3272176981,2.39790177345,0.425550192595,2.54406261444,1.22656834126,0.455224007368,1.37766993046,1.16460871696,0.464101195335
121,2.54455924034,2.43022155762,0.421879291534,1.32446420193,2.40922951698,0.426983743906,2.54363942146,1.23276746273,0.455403059721,1.37243509293,1.17035484314,0.460924327374
122,2.54241251945,2.43391656876,0.420925498009,1.32195973396,2.42107105255,0.427892297506,2.5433576107,1.23889458179,0.455138474703,1.36599266529,1.17590117455,0.45735129714
123,2.54010987282,2.43732452393,0.420612365007,1.32060027122,2.43112897873,0.428775936365,2.54345107079,1.24505496025,0.454852104187,1.35964584351,1.18100810051,0.454081743956
124,2.53752279282,2.44096493721,0.420204907656,1.31977462769,2.44016933441,0.431956678629,2.54353070259,1.25136756897,0.454379856586,1.35271143913,1.18613529205,0.451531529427
125,2.53427648544,2.44557213783,0.420122295618,1.31947219372,2.44913172722,0.438017249107,2.54362273216,1.25951445103,0.453559368849,1.34408819675,1.19274508953,0.448408156633
126,2.53159403801,2.44940972328,0.420342504978,1.31942033768,2.45508813858,0.441582590342,2.54341030121,1.26654410362,0.452447742224,1.33653438091,1.19849014282,0.44540271163
127,2.52887034416,2.45324254036,0.420763969421,1.31960117817,2.4595541954,0.443016648293,2.54299855232,1.27379822731,0.451518058777,1.32932734489,1.20456671715,0.443067669868
128,2.52608323097,2.4573225975,0.421253412962,1.32126748562,2.46216869354,0.443748235703,2.54169511795,1.28266942501,0.450273066759,1.32150542736,1.21152245998,0.441753178835
129,2.5241458416,2.4602098465,0.421972692013,1.32269489765,2.46302270889,0.444761246443,2.54003453255,1.29001319408,0.448788493872,1.31576931477,1.21688759327,0.442064315081
130,2.52185106277,2.46376180649,0.422507107258,1.32273495197,2.46371507645,0.443072527647,2.53680944443,1.29675626755,0.448590308428,1.31113469601,1.22178256512,0.44325402379
131,2.51990175247,2.46685743332,0.423106402159,1.32280957699,2.4633333683,0.442196637392,2.53385305405,1.30219960213,0.44881850481,1.30739343166,1.22561407089,0.443762809038
132,2.51784825325,2.46961283684,0.424044877291,1.32195663452,2.46290016174,0.442002475262,2.53200125694,1.30591189861,0.450500041246,1.30484735966,1.22772228718,0.444012641907
133,2.51558995247,2.47252607346,0.424727767706,1.31964421272,2.46375203133,0.442094057798,2.53072524071,1.30789983273,0.451631486416,1.30271852016,1.22849977016,0.444519042969
134,2.51266241074,2.47610878944,0.425645112991,1.31732785702,2.46380901337,0.444493919611,2.52994918823,1.30893480778,0.451767206192,1.30133461952,1.2283513546,0.445744395256
135,2.51017427444,2.47904872894,0.426201373339,1.31466269493,2.46490383148,0.445506125689,2.52945995331,1.30891263485,0.451601862907,1.30082476139,1.22738647461,0.447099536657
136,2.50692629814,2.48288726807,0.427054822445,1.31132161617,2.46630954742,0.445071607828,2.52916646004,1.30858969688,0.450835287571,1.30127131939,1.22593009472,0.447841644287
137,2.50375199318,2.48660230637,0.427618533373,1.30868399143,2.46763849258,0.442889302969,2.52886843681,1.30810213089,0.44986987114,1.3016564846,1.22487819195,0.448179781437
138,2.50032567978,2.49038243294,0.42807379365,1.30664646626,2.46794939041,0.441166639328,2.52855157852,1.30787277222,0.448321282864,1.30189359188,1.22429335117,0.448136031628
139,2.49645781517,2.49488306046,0.428513526917,1.30411720276,2.46894001961,0.438535243273,2.52806782722,1.30752265453,0.447915792465,1.30142056942,1.22406637669,0.447507768869
140,2.49334812164,2.4985537529,0.428706139326,1.30232095718,2.47004961967,0.436777353287,2.52772903442,1.30767130852,0.448196917772,1.29990756512,1.22459065914,0.447369217873
141,2.49043941498,2.50227355957,0.429280251265,1.30217134953,2.46969461441,0.435499459505,2.52721691132,1.3077750206,0.448994666338,1.29774868488,1.22506558895,0.448109686375
142,2.48767447472,2.50596094131,0.429681837559,1.30113422871,2.47072768211,0.434280902147,2.52631950378,1.30889439583,0.448978364468,1.29548537731,1.22604990005,0.448736995459
143,2.4853978157,2.50940036774,0.429746568203,1.30085515976,2.47123646736,0.433994859457,2.5256114006,1.3097307682,0.44929176569,1.29402577877,1.22715032101,0.448747813702
144,2.48294019699,2.5128428936,0.429643332958,1.30098950863,2.47119641304,0.434176623821,2.52429652214,1.31127631664,0.450496524572,1.29270887375,1.22929251194,0.447702527046
145,2.48055315018,2.51587080956,0.428957134485,1.30040442944,2.47175741196,0.433843910694,2.52312088013,1.31312036514,0.451378494501,1.29239416122,1.23181056976,0.446457922459
146,2.47757434845,2.51935625076,0.428334534168,1.29872870445,2.47274637222,0.432528287172,2.52156329155,1.31606149673,0.452329754829,1.29159832001,1.23699235916,0.444126278162
147,2.47499656677,2.52209281921,0.42766931653,1.29662454128,2.47388410568,0.431140422821,2.51860928535,1.31845998764,0.453141570091,1.29129648209,1.24219143391,0.443448632956
148,2.47206115723,2.52535581589,0.426767289639,1.29328250885,2.4758450985,0.430413901806,2.51410865784,1.32105386257,0.452308446169,1.29060685635,1.24995517731,0.443810343742
149,2.46882104874,2.52889895439,0.425512820482,1.28906822205,2.47824311256,0.429599702358,2.50752949715,1.32263422012,0.45094704628,1.28967416286,1.25940549374,0.444709897041
150,2.46618914604,2.5318479538,0.424855321646,1.28547048569,2.48019456863,0.428658157587,2.50117230415,1.32254970074,0.45073890686,1.28855097294,1.2682890892,0.445465624332
151,2.46319055557,2.53524899483,0.423822432756,1.28167331219,2.48235559464,0.427754819393,2.49534845352,1.32171189785,0.451144486666,1.28742146492,1.27637696266,0.446172952652
152,2.46025729179,2.53865361214,0.422997802496,1.27835977077,2.48495602608,0.42709428072,2.48995757103,1.32081115246,0.452443510294,1.28580331802,1.28537595272,0.447092682123
153,2.45778608322,2.54161524773,0.422751426697,1.27569520473,2.48783588409,0.426348716021,2.48574233055,1.32020044327,0.45263004303,1.28394567966,1.29336059093,0.448496103287
154,2.45447778702,2.54552221298,0.424072742462,1.27152848244,2.49229812622,0.423581987619,2.48141384125,1.32012116909,0.452815800905,1.2807623148,1.30446088314,0.45067474246
155,2.45165896416,2.54864025116,0.425181597471,1.2678385973,2.49639010429,0.423311144114,2.47915363312,1.320738554,0.453245282173,1.27722740173,1.31340634823,0.451678872108
156,2.44933128357,2.55084395409,0.425537288189,1.26487052441,2.49929285049,0.424620389938,2.4780189991,1.32171392441,0.452699869871,1.27406311035,1.31919014454,0.45142441988
157,2.44613218307,2.55371403694,0.426409572363,1.26025295258,2.50337743759,0.427657037973,2.47609066963,1.32281637192,0.452279210091,1.2698148489,1.32569181919,0.450474590063
158,2.44285082817,2.55645537376,0.42682030797,1.25649380684,2.50635004044,0.430559307337,2.473726511,1.3243970871,0.451041966677,1.26537549496,1.33095669746,0.449462413788
159,2.43921685219,2.55906677246,0.426768749952,1.25181245804,2.51001667976,0.432042628527,2.47039222717,1.32568085194,0.449969500303,1.2606729269,1.33594441414,0.44857186079
160,2.43567872047,2.56163406372,0.426792562008,1.24634087086,2.51431512833,0.432082384825,2.46719121933,1.32751381397,0.448554933071,1.2562366724,1.3404532671,0.448113650084
161,2.43240022659,2.56362199783,0.426122367382,1.24094367027,2.51862049103,0.43234166503,2.46304512024,1.32891619205,0.447897881269,1.25190639496,1.34462273121,0.447802722454
162,2.42961144447,2.56542634964,0.426074355841,1.23616337776,2.52240037918,0.432981163263,2.45915293694,1.33009052277,0.448109835386,1.24852097034,1.34815657139,0.447977215052
163,2.42611694336,2.56744527817,0.425857335329,1.22883188725,2.5281996727,0.434461385012,2.45403647423,1.33133244514,0.449297785759,1.24449598789,1.35245072842,0.447569221258
164,2.4230158329,2.56916165352,0.425886899233,1.2220209837,2.53368091583,0.436089903116,2.4490544796,1.33258533478,0.451007217169,1.24096095562,1.35651576519,0.446539074183
165,2.41962409019,2.5705537796,0.42544606328,1.21548724174,2.53918099403,0.437622070312,2.44413352013,1.33439862728,0.452318012714,1.23708510399,1.36036896706,0.444967448711
166,2.41563773155,2.57200837135,0.425736486912,1.20748007298,2.54594349861,0.439897477627,2.43708992004,1.3371232748,0.453311622143,1.2325040102,1.36496865749,0.442727267742
167,2.41283178329,2.57280373573,0.425360798836,1.20208418369,2.55108880997,0.442016452551,2.43144869804,1.33972644806,0.453490138054,1.22886669636,1.3680138588,0.441314250231
168,2.4094414711,2.57350754738,0.425066709518,1.19633078575,2.55646491051,0.443524330854,2.42348647118,1.34409701824,0.452747285366,1.22448515892,1.37144351006,0.440162479877
169,2.40628409386,2.57392859459,0.424975514412,1.19126415253,2.56154203415,0.443091213703,2.41685819626,1.34878146648,0.451757192612,1.22038829327,1.37438595295,0.439962387085
170,2.40276503563,2.57429909706,0.423988521099,1.18779706955,2.56545829773,0.441743940115,2.41061401367,1.354560256,0.450591146946,1.21786308289,1.37620258331,0.439043194056
171,2.39904379845,2.57463216782,0.422980129719,1.18432068825,2.56940412521,0.440543919802,2.40522575378,1.3607199192,0.450039803982,1.21374356747,1.37899947166,0.440667629242
172,2.39125108719,2.58535003662,0.408455848694,1.18073046207,2.57347369194,0.44043046236,2.40016365051,1.36698698997,0.450343102217,1.20786082745,1.37834632397,0.439786195755
173,2.3849093914,2.58629655838,0.409814834595,1.17790186405,2.57755851746,0.441130042076,2.3945081234,1.37453830242,0.451926320791,1.20659816265,1.38417136669,0.441197365522
174,2.37936353683,2.58730268478,0.41265296936,1.17499577999,2.58129310608,0.441628485918,2.38989520073,1.38063573837,0.453181117773,1.20390510559,1.38600575924,0.440142482519
175,2.3733484745,2.58742570877,0.416576862335,1.17258787155,2.58492565155,0.440912306309,2.38478636742,1.3871152401,0.454116880894,1.20056438446,1.38780224323,0.437759548426
176,2.36748290062,2.58841133118,0.419350624084,1.17054569721,2.58840417862,0.438932955265,2.38085174561,1.39353275299,0.453317642212,1.19698286057,1.38950264454,0.43457120657
177,2.36119413376,2.58985471725,0.421598434448,1.16953420639,2.59065890312,0.438722521067,2.37813019753,1.40046322346,0.450647115707,1.19247341156,1.39109146595,0.430882334709
178,2.35684299469,2.59171581268,0.422506809235,1.16643738747,2.59413671494,0.43716686964,2.37660264969,1.4050642252,0.449057251215,1.18779015541,1.39198064804,0.429059922695
179,2.35169291496,2.59445285797,0.422716617584,1.16318595409,2.59713578224,0.437617719173,2.37444639206,1.40828335285,0.448441833258,1.1827378273,1.39317584038,0.427502989769
180,2.34655117989,2.5981464386,0.422014713287,1.15934467316,2.6006667614,0.438662439585,2.37212324142,1.41085684299,0.4473721385,1.17618823051,1.39406478405,0.428266614676
181,2.34261107445,2.60179805756,0.420928001404,1.15575420856,2.60330891609,0.439835131168,2.36919689178,1.41079366207,0.448048889637,1.17076587677,1.39501905441,0.430139988661
182,2.33863306046,2.60489559174,0.420832157135,1.15180075169,2.60563731194,0.440822601318,2.36634397507,1.41015565395,0.447967976332,1.16569924355,1.39542496204,0.431212812662
183,2.33418321609,2.6095495224,0.420760631561,1.14620065689,2.60774993896,0.441401481628,2.36270833015,1.40747177601,0.449666649103,1.15986871719,1.39541077614,0.431556016207
184,2.33052659035,2.61352062225,0.420634269714,1.14121258259,2.60942959785,0.440979272127,2.36046671867,1.40471971035,0.451417595148,1.15555822849,1.39611518383,0.430129855871
185,2.32669949532,2.61764526367,0.42064666748,1.13550126553,2.61117482185,0.440545588732,2.35802388191,1.40095543861,0.453502714634,1.15136408806,1.3964278698,0.429354935884
186,2.32328534126,2.62255907059,0.420757293701,1.12993848324,2.61282634735,0.440815150738,2.35523366928,1.39731788635,0.454847246408,1.14782845974,1.39787590504,0.42785680294
187,2.31984472275,2.62691450119,0.42103099823,1.12304675579,2.61545014381,0.442079544067,2.35173392296,1.39393866062,0.454797804356,1.14428389072,1.40068805218,0.426729440689
188,2.31769990921,2.62972402573,0.420959949493,1.11837518215,2.61723184586,0.441989183426,2.34929490089,1.39214932919,0.454653561115,1.14215111732,1.40442502499,0.426387220621
189,2.31594657898,2.6322684288,0.420189380646,1.11235332489,2.61940813065,0.440975666046,2.34589552879,1.39058709145,0.456061720848,1.14060401917,1.40903067589,0.42648601532
190,2.31363391876,2.63286161423,0.419769763947,1.10752630234,2.62141418457,0.440281718969,2.34378790855,1.38979768753,0.45641592145,1.13976061344,1.41325438023,0.426789909601
191,2.31147837639,2.63327550888,0.418971061707,1.10205185413,2.6241915226,0.440378338099,2.3408343792,1.38974487782,0.456108272076,1.13914132118,1.4190350771,0.426373064518
192,2.30878901482,2.63224077225,0.418682098389,1.09639024734,2.62761807442,0.441587477922,2.33820939064,1.3904645443,0.455091536045,1.13853991032,1.42430233955,0.425351858139
193,2.30850625038,2.62089681625,0.430785417557,1.0913490057,2.63085961342,0.442654550076,2.33471941948,1.39250564575,0.454953968525,1.13714540005,1.43011808395,0.423653751612
194,2.30465102196,2.61981296539,0.428900718689,1.0862903595,2.63444924355,0.443032830954,2.3302052021,1.39586782455,0.455882638693,1.13529026508,1.43526232243,0.420586019754
195,2.29979944229,2.61917495728,0.424933195114,1.08068275452,2.63858294487,0.443881452084,2.32431387901,1.40066230297,0.45731729269,1.13284277916,1.44009017944,0.417076051235
196,2.29484176636,2.6189558506,0.421055823565,1.07625734806,2.64204978943,0.44462838769,2.31779456139,1.40751552582,0.459206700325,1.13020288944,1.44452774525,0.41383972764
197,2.29098439217,2.61904072762,0.418424397707,1.0736784935,2.64408588409,0.44505494833,2.31253957748,1.41454863548,0.460428386927,1.12777793407,1.44768667221,0.411211937666
198,2.28657031059,2.61927986145,0.416040033102,1.07045602798,2.64633488655,0.445848077536,2.30736017227,1.42331421375,0.462104648352,1.12479829788,1.45139563084,0.408534228802
199,2.2822201252,2.61966276169,0.414386034012,1.06866848469,2.6480948925,0.44576010108,2.30214524269,1.43234181404,0.464026153088,1.12145328522,1.45418524742,0.406445473433
200,2.27783727646,2.62010598183,0.413241714239,1.06766104698,2.64970016479,0.445212841034,2.29793834686,1.44063174725,0.465811699629,1.1172273159,1.45673179626,0.405281603336
201,2.27344250679,2.62097859383,0.411606818438,1.06661212444,2.65092134476,0.444794505835,2.29319405556,1.4490468502,0.466618806124,1.11296784878,1.45928311348,0.405011475086
202,2.26830124855,2.62241888046,0.410168468952,1.06606316566,2.65146994591,0.443827748299,2.28884577751,1.45662689209,0.466384589672,1.10760593414,1.46214449406,0.404976904392
203,2.26301598549,2.62413096428,0.409323096275,1.06389474869,2.65214562416,0.442331075668,2.28391361237,1.46393275261,0.464901000261,1.10093021393,1.4656778574,0.404428094625
204,2.25812387466,2.62650537491,0.408845961094,1.06209993362,2.65231919289,0.442011028528,2.27898287773,1.47028040886,0.463520467281,1.09315371513,1.46953260899,0.403925836086
205,2.25222945213,2.62968564034,0.409235090017,1.05979132652,2.65258789062,0.441535830498,2.27374434471,1.47479689121,0.463363528252,1.08456277847,1.47293257713,0.40413030982
206,2.24711894989,2.63315320015,0.409634530544,1.05771291256,2.65241622925,0.441073417664,2.26907444,1.47808420658,0.462786734104,1.07721412182,1.4751663208,0.405318886042
207,2.24200248718,2.63744592667,0.410871654749,1.05458247662,2.65185332298,0.440632641315,2.26415729523,1.48057079315,0.462034165859,1.06999409199,1.47696876526,0.407391726971
208,2.23812866211,2.64241480827,0.413120239973,1.05129909515,2.65193414688,0.440022140741,2.25873303413,1.48250007629,0.460251957178,1.06272804737,1.47861802578,0.409914195538
209,2.23547554016,2.64745140076,0.415695428848,1.04775547981,2.65171718597,0.43985170126,2.25320100784,1.4840143919,0.458127200603,1.05587053299,1.4797154665,0.411974877119
210,2.23461604118,2.65226984024,0.416764110327,1.04399120808,2.65112638474,0.439727455378,2.24758601189,1.48533380032,0.456311315298,1.04921412468,1.48029959202,0.413725882769
211,2.23455905914,2.65636920929,0.416868031025,1.03849172592,2.65154910088,0.439819157124,2.24159574509,1.48647773266,0.454302072525,1.04217350483,1.4801441431,0.414915770292
212,2.23574900627,2.65920233727,0.41669651866,1.03287029266,2.65148591995,0.438717097044,2.23603057861,1.48741364479,0.453034609556,1.03559446335,1.47930085659,0.415256619453
213,2.23697853088,2.66092920303,0.417477160692,1.02577209473,2.65132761002,0.437560856342,2.23010325432,1.48823106289,0.452709615231,1.02813100815,1.47719752789,0.41550347209
214,2.23790621758,2.66157388687,0.417157530785,1.02081644535,2.6517598629,0.436276704073,2.22545313835,1.48751354218,0.453137397766,1.02246928215,1.47476756573,0.415428966284
215,2.2381772995,2.66137194633,0.415807545185,1.01388716698,2.65161633492,0.435471624136,2.21954703331,1.48782610893,0.452313512564,1.01523411274,1.4708533287,0.415757954121
216,2.23737454414,2.66067814827,0.413132697344,1.00762701035,2.65090322495,0.43485352397,2.21442222595,1.48711788654,0.452143400908,1.00832438469,1.46653497219,0.415860712528
217,2.23560142517,2.65931463242,0.410998642445,1.00205433369,2.65075230598,0.433282226324,2.20926475525,1.48704349995,0.451341211796,1.001044631,1.46198546886,0.416429966688
218,2.2331507206,2.65823793411,0.409761071205,0.99637055397,2.64999961853,0.432489275932,2.20506644249,1.4876499176,0.451012045145,0.994377732277,1.45782339573,0.416877090931
219,2.22903013229,2.65669107437,0.40944558382,0.98992472887,2.64936757088,0.431363493204,2.20059156418,1.48934984207,0.450562268496,0.986539900303,1.45247268677,0.417024195194
220,2.22538328171,2.65606856346,0.409898787737,0.984931230545,2.64927577972,0.430846720934,2.19758296013,1.49108171463,0.449931532145,0.980401039124,1.44844460487,0.417224854231
221,2.21953463554,2.65543866158,0.410056322813,0.977780342102,2.64877700806,0.431525021791,2.19432997704,1.49417197704,0.448909372091,0.973122954369,1.44396150112,0.417160451412
222,2.21333026886,2.65511369705,0.410119742155,0.970982670784,2.64816141129,0.432914346457,2.1909327507,1.49657189846,0.448832005262,0.967805325985,1.44114685059,0.416298061609
223,2.20572352409,2.65491628647,0.409873187542,0.964331269264,2.64795899391,0.433668732643,2.18694043159,1.49883842468,0.44883877039,0.964291334152,1.4398829937,0.414342999458
224,2.19978928566,2.65463542938,0.409798115492,0.95992654562,2.64808535576,0.432951122522,2.18318009377,1.50050592422,0.448834240437,0.962920606136,1.44041240215,0.412594258785
225,2.19188952446,2.65407514572,0.409520864487,0.954712450504,2.64775109291,0.431020230055,2.1770606041,1.50098311901,0.449221819639,0.962560772896,1.44251513481,0.410968095064
226,2.18115711212,2.65213918686,0.408589065075,0.94838476181,2.64746141434,0.4278652668,2.1675965786,1.50040578842,0.450212150812,0.962054014206,1.44610393047,0.409974843264
227,2.17256045341,2.64924716949,0.407563686371,0.9435557127,2.64755058289,0.42607241869,2.15935897827,1.49894595146,0.450490176678,0.961140453815,1.44945693016,0.410186082125
228,2.16357707977,2.64587187767,0.406101882458,0.938719213009,2.64724397659,0.426635235548,2.15179681778,1.4961656332,0.449383974075,0.959159612656,1.45252847672,0.410233438015
229,2.15304470062,2.64277124405,0.406423538923,0.93354344368,2.64703059196,0.428482174873,2.14406490326,1.4922555685,0.446990519762,0.95555973053,1.45549559593,0.410512328148
230,2.14381790161,2.64141154289,0.40818053484,0.929702818394,2.64713835716,0.428910523653,2.1377491951,1.48890721798,0.444248318672,0.95151335001,1.45740115643,0.411013990641
231,2.13362908363,2.64158058167,0.410357505083,0.925368010998,2.64644622803,0.428838431835,2.13088655472,1.48506402969,0.441034197807,0.946424663067,1.45906305313,0.412256985903
232,2.12373256683,2.6425280571,0.41191726923,0.921381771564,2.64646697044,0.427512347698,2.12328386307,1.48149180412,0.437473386526,0.940542519093,1.46010971069,0.414205253124
233,2.11631393433,2.64385318756,0.413830935955,0.917891442776,2.64571833611,0.426668822765,2.11677312851,1.47894799709,0.435118377209,0.935224235058,1.46041953564,0.416238546371
234,2.10781359673,2.64580869675,0.41630795598,0.913590610027,2.6456348896,0.424829363823,2.10806560516,1.47641909122,0.433910608292,0.928629934788,1.46013569832,0.419166058302
235,2.10167789459,2.64842772484,0.418103098869,0.909154951572,2.64483594894,0.422878414392,2.10051202774,1.47471415997,0.434151649475,0.923180878162,1.45941793919,0.42142957449
236,2.09441232681,2.65307974815,0.419586211443,0.904482603073,2.64430809021,0.421078979969,2.09305214882,1.4732568264,0.434986352921,0.918374240398,1.45891571045,0.42320483923
237,2.08809185028,2.65909337997,0.420918226242,0.89961284399,2.64388084412,0.419416159391,2.08761334419,1.47208476067,0.435522705317,0.914081215858,1.45793175697,0.424381494522
238,2.08169531822,2.66702246666,0.422873228788,0.893907368183,2.64361548424,0.41883584857,2.08295702934,1.4694133997,0.437657088041,0.910129725933,1.45647287369,0.425572782755
239,2.0769264698,2.67464089394,0.424834102392,0.888593614101,2.64421010017,0.417940855026,2.07979083061,1.46518576145,0.440733551979,0.90668708086,1.45485162735,0.427383244038
240,2.07423949242,2.68127942085,0.426950454712,0.882430374622,2.64516305923,0.418428748846,2.07723140717,1.4602586031,0.441079378128,0.903377532959,1.45318365097,0.429736107588
241,2.07312583923,2.68458914757,0.427569031715,0.877470493317,2.64601039886,0.419202178717,2.07473182678,1.45570504665,0.439893007278,0.900763452053,1.45214223862,0.4317946136
242,2.07218122482,2.68540167809,0.427267313004,0.872731745243,2.64702272415,0.41974362731,2.07182908058,1.45162296295,0.439059078693,0.898191511631,1.45186066628,0.434154719114
243,2.07091450691,2.68351244926,0.426394701004,0.868046283722,2.64772295952,0.419853448868,2.06862616539,1.44799184799,0.439876794815,0.895366370678,1.45185685158,0.436041504145
244,2.06953263283,2.67931294441,0.424283981323,0.863310515881,2.64781570435,0.420037060976,2.0650935173,1.44535410404,0.442046046257,0.892186820507,1.45220720768,0.437834471464
245,2.06758761406,2.67306947708,0.421221017838,0.859349966049,2.64811038971,0.419233083725,2.06159853935,1.44382309914,0.444492906332,0.888738334179,1.45273840427,0.439202517271
246,2.06486749649,2.66539645195,0.416987597942,0.854183495045,2.64857339859,0.419875115156,2.05760216713,1.4436262846,0.446900606155,0.884618997574,1.45355439186,0.440178364515
247,2.06142997742,2.65805053711,0.412851721048,0.849583566189,2.64882254601,0.421039223671,2.05312514305,1.44463860989,0.448956429958,0.879905581474,1.45424413681,0.440866827965
248,2.05602526665,2.65045928955,0.408945143223,0.844806790352,2.64908242226,0.423036038876,2.047986269,1.4468266964,0.450566142797,0.874911308289,1.45529901981,0.441178053617
249,2.04870295525,2.64521145821,0.406119585037,0.838966786861,2.64908576012,0.424996554852,2.04131245613,1.450299263,0.452398836613,0.868728220463,1.45684325695,0.441074460745
250,2.04211211205,2.64343166351,0.404686957598,0.835346519947,2.64943432808,0.424633383751,2.03615021706,1.45331156254,0.453010559082,0.864050626755,1.45777750015,0.44112816453
251,2.03306007385,2.64373540878,0.403746783733,0.830334842205,2.64916849136,0.424554824829,2.03009676933,1.45693266392,0.453857749701,0.85790592432,1.45850205421,0.441592931747
252,2.02424049377,2.64588689804,0.403510123491,0.826438248158,2.64953613281,0.42419090867,2.02484631538,1.45940685272,0.453872203827,0.85237121582,1.459030509,0.442129224539
253,2.01526379585,2.649923563,0.403927475214,0.822578430176,2.64929461479,0.42449888587,2.02030944824,1.46104872227,0.45472997427,0.846713840961,1.45908653736,0.442328035831
254,2.00720143318,2.65502691269,0.404537498951,0.818799257278,2.64907336235,0.425702989101,2.01646995544,1.46172142029,0.455404639244,0.841769576073,1.45916903019,0.442428201437
255,1.99690806866,2.66233158112,0.40611076355,0.814414322376,2.64874267578,0.427007347345,2.0121948719,1.46158790588,0.456496149302,0.835840046406,1.45921385288,0.441999346018
256,1.98809826374,2.66965246201,0.407983005047,0.809768557549,2.64812064171,0.427658319473,2.00842547417,1.46108615398,0.457557290792,0.830456495285,1.45916748047,0.441401720047
257,1.97901463509,2.67755103111,0.410809695721,0.80483096838,2.64725708961,0.428056240082,2.00402545929,1.4604871273,0.458887070417,0.824569702148,1.45921528339,0.440648555756
258,1.97164320946,2.68513798714,0.414630532265,0.799172461033,2.6458325386,0.429561167955,1.99925732613,1.46009671688,0.459929049015,0.818396389484,1.45878410339,0.44022756815
259,1.96529519558,2.69198393822,0.417657375336,0.793033361435,2.6441218853,0.430997520685,1.99368274212,1.45963168144,0.460735231638,0.811431884766,1.45826053619,0.439991921186
260,1.96103966236,2.69638991356,0.41954690218,0.788249075413,2.64264273643,0.430638164282,1.98862934113,1.45933759212,0.460257917643,0.805335640907,1.45780563354,0.439710766077
261,1.95786333084,2.69951868057,0.419611901045,0.783056378365,2.64114522934,0.430199295282,1.98364555836,1.45926594734,0.460247039795,0.798796474934,1.45675063133,0.439381748438
262,1.95499897003,2.70152664185,0.420549631119,0.777306139469,2.6396112442,0.430424332619,1.97789156437,1.45928490162,0.460100769997,0.790916025639,1.45522224903,0.439308583736
263,1.95338499546,2.70195651054,0.422001987696,0.77225792408,2.63823151588,0.430600404739,1.97232627869,1.45970201492,0.459824711084,0.783299386501,1.45353674889,0.439073741436
264,1.95149123669,2.70143294334,0.422492325306,0.766691565514,2.63749527931,0.431528836489,1.96635591984,1.46030700207,0.459610700607,0.775381028652,1.45184087753,0.438627898693
265,1.95046544075,2.69897532463,0.422723025084,0.761757493019,2.63672494888,0.432058244944,1.960916996,1.46089959145,0.458886176348,0.768875062466,1.45042729378,0.438243150711
266,1.94888114929,2.69447016716,0.422652035952,0.756664693356,2.63607335091,0.432521313429,1.95544588566,1.46106410027,0.457937061787,0.762846112251,1.44906973839,0.438071042299
267,1.94669699669,2.68873977661,0.422919601202,0.75166529417,2.63557672501,0.432917118073,1.95043992996,1.46060526371,0.456829696894,0.757683157921,1.44690930843,0.438435077667
268,1.94395530224,2.68309855461,0.423983812332,0.747588038445,2.63488745689,0.433703184128,1.9468357563,1.45971190929,0.456250488758,0.754094660282,1.44472980499,0.439233481884
269,1.93979239464,2.67565798759,0.424506396055,0.743079006672,2.63391423225,0.434795558453,1.94270098209,1.4580527544,0.455743789673,0.749940872192,1.44162368774,0.440537661314
270,1.93595433235,2.66907262802,0.423831105232,0.739243626595,2.63292431831,0.435691684484,1.93951869011,1.45611822605,0.456024825573,0.74636977911,1.43903160095,0.441602885723
271,1.9310311079,2.65980315208,0.421939134598,0.734789431095,2.63160085678,0.436293393373,1.93611001968,1.45335698128,0.456092566252,0.742048025131,1.43608939648,0.443012297153
272,1.92642068863,2.65051746368,0.419714331627,0.730510115623,2.63012290001,0.437045603991,1.93215250969,1.45061993599,0.455524921417,0.737780749798,1.43370842934,0.44444039464
273,1.92193102837,2.64095449448,0.418700486422,0.72626978159,2.62859535217,0.438188582659,1.92803013325,1.44768834114,0.454700917006,0.732981026173,1.4312671423,0.446330666542
274,1.91724407673,2.63003349304,0.418136715889,0.720785439014,2.62646889687,0.440040320158,1.92193841934,1.44410049915,0.452899247408,0.726325273514,1.4282143116,0.44776019454
275,1.91233146191,2.62011742592,0.418492257595,0.715159714222,2.62431454659,0.440648645163,1.91502404213,1.44082820415,0.451096326113,0.719402492046,1.42487025261,0.447840631008
276,1.90871334076,2.61376881599,0.419507622719,0.710376143456,2.62290406227,0.440671563148,1.90816259384,1.43808495998,0.449426591396,0.71359705925,1.42169129848,0.44744437933
277,1.90435922146,2.60887503624,0.42065384984,0.705758929253,2.62181615829,0.440520524979,1.90105104446,1.4352118969,0.447869330645,0.708069264889,1.41832208633,0.446584880352
278,1.89865601063,2.60455417633,0.422889560461,0.69970792532,2.62018370628,0.440086960793,1.89066123962,1.43091654778,0.446096807718,0.700589418411,1.41360604763,0.445946902037
279,1.89538300037,2.60203075409,0.424534589052,0.694133162498,2.62006545067,0.439540445805,1.88236117363,1.42732894421,0.444978833199,0.694996118546,1.41027987003,0.445857822895
280,1.89248812199,2.59946680069,0.425523996353,0.689127504826,2.61968922615,0.438381493092,1.87504696846,1.42354977131,0.443611085415,0.689476847649,1.40728807449,0.445678442717
281,1.89089775085,2.59775972366,0.426285266876,0.684937894344,2.61906290054,0.437250137329,1.86966812611,1.41997981071,0.443176835775,0.684912741184,1.4053196907,0.445084780455
282,1.88864552975,2.59492373466,0.427246898413,0.679841279984,2.61800217628,0.436417281628,1.86459124088,1.41570544243,0.443168818951,0.679424524307,1.40322744846,0.443601131439
283,1.88684153557,2.59249997139,0.428217977285,0.675770163536,2.61649918556,0.4361731112,1.86126387119,1.41156685352,0.444123446941,0.675136566162,1.40227460861,0.441717296839
284,1.88405668736,2.5887503624,0.429557055235,0.671372354031,2.61401343346,0.434955567122,1.85758328438,1.4063975811,0.445844173431,0.669929325581,1.40153324604,0.439316242933
285,1.88012123108,2.58431100845,0.430122405291,0.666912138462,2.61040401459,0.433149397373,1.85423469543,1.401232481,0.447000563145,0.664649665356,1.40126562119,0.437735825777
286,1.8755890131,2.58090209961,0.429392427206,0.662390947342,2.60791683197,0.43288642168,1.85148084164,1.39853858948,0.44806817174,0.660233139992,1.40080070496,0.437043339014
287,1.86966562271,2.5776913166,0.427184641361,0.657628774643,2.60468482971,0.433803617954,1.84881961346,1.39645016193,0.44839733839,0.655726850033,1.4003469944,0.437242954969
288,1.86134266853,2.57458996773,0.422025561333,0.651539027691,2.60027289391,0.43513071537,1.84483373165,1.39510977268,0.448718041182,0.650308609009,1.39986419678,0.438238233328
289,1.855473876,2.57250070572,0.417555779219,0.647137403488,2.59637188911,0.434894889593,1.8417686224,1.395190835,0.448952496052,0.646376550198,1.39954471588,0.439820230007
290,1.84952330589,2.57025194168,0.412141978741,0.643172681332,2.59257102013,0.43424603343,1.83888232708,1.39572179317,0.449480980635,0.643515169621,1.39945161343,0.441588461399
291,1.84457695484,2.56731081009,0.409161180258,0.639123439789,2.58833098412,0.434731960297,1.83578705788,1.39607357979,0.449279606342,0.641140937805,1.39943170547,0.443839937449
292,1.83912265301,2.56331801414,0.407078593969,0.635381519794,2.5837635994,0.434614002705,1.83210480213,1.39656722546,0.44966891408,0.639197707176,1.39938771725,0.445909321308
293,1.83510446548,2.55963397026,0.403886675835,0.631424307823,2.57901024818,0.434313118458,1.82789611816,1.39629936218,0.450214207172,0.63780862093,1.39977800846,0.446951925755
294,1.8296482563,2.55531573296,0.400591731071,0.627396285534,2.57397150993,0.434044271708,1.82300817966,1.39494478703,0.451238304377,0.636584997177,1.40027737617,0.446795225143
295,1.82523167133,2.55166506767,0.396363824606,0.623272895813,2.56922578812,0.434022009373,1.81799507141,1.39236462116,0.452922523022,0.635398685932,1.40088450909,0.446049392223
296,1.82156562805,2.54738426208,0.391864836216,0.618991076946,2.56479287148,0.435295462608,1.81297051907,1.38792967796,0.454135626554,0.634103000164,1.40174782276,0.445980072021
297,1.81908833981,2.54271173477,0.387408554554,0.61424601078,2.56021952629,0.436692327261,1.80803346634,1.38179135323,0.455678492785,0.632021903992,1.40274834633,0.44674885273
298,1.81746435165,2.53895831108,0.383958131075,0.609995484352,2.55616688728,0.438497245312,1.80415260792,1.37565457821,0.457580655813,0.629874885082,1.40365064144,0.448118180037
299,1.81568193436,2.5351433754,0.381632655859,0.605046391487,2.55236840248,0.43971323967,1.80013310909,1.36857652664,0.458932310343,0.627129137516,1.40455460548,0.449768513441
300,1.81247401237,2.53268909454,0.379629552364,0.599276959896,2.54883241653,0.440790534019,1.7962898016,1.36150884628,0.459821879864,0.623260319233,1.40523278713,0.451126366854
301,1.80871081352,2.53140258789,0.377985477448,0.593913733959,2.5467505455,0.441250860691,1.79339456558,1.35600531101,0.461169332266,0.619445323944,1.40561366081,0.451016873121
302,1.80469810963,2.53041124344,0.376135289669,0.589566111565,2.5456802845,0.441003412008,1.79134166241,1.35204076767,0.462337493896,0.616062343121,1.40557408333,0.450421959162
303,1.79955053329,2.52867436409,0.374028921127,0.583814561367,2.54446411133,0.44050386548,1.78948879242,1.34798753262,0.463746756315,0.611541807652,1.40487170219,0.449609279633
304,1.79446256161,2.52732586861,0.374447315931,0.578312158585,2.54347014427,0.440693020821,1.78819215298,1.34467291832,0.464916318655,0.607173204422,1.40318262577,0.449528515339
305,1.78900325298,2.52553939819,0.37602570653,0.57256680727,2.54245209694,0.44048666954,1.78705751896,1.34198391438,0.465788960457,0.602424860001,1.40080332756,0.450272858143
306,1.78240954876,2.5232834816,0.377781182528,0.566820085049,2.5406191349,0.438434749842,1.78587305546,1.33901417255,0.467387318611,0.596630334854,1.39713895321,0.451316595078
307,1.77798032761,2.52199435234,0.379125773907,0.561187922955,2.54049181938,0.437948971987,1.78425037861,1.33685779572,0.468469560146,0.591726064682,1.39378714561,0.451881319284
308,1.77294266224,2.51985454559,0.380289673805,0.557176172733,2.54035758972,0.437015175819,1.78215384483,1.33431279659,0.469703942537,0.586515426636,1.38998711109,0.452011376619
309,1.76825928688,2.51805019379,0.38076671958,0.552901446819,2.54125070572,0.437714517117,1.77909564972,1.33182156086,0.471319139004,0.581241428852,1.38576447964,0.452378034592
310,1.76455307007,2.51628804207,0.380894303322,0.54994815588,2.54211831093,0.438454538584,1.77665197849,1.32978010178,0.472639620304,0.576736152172,1.38197243214,0.452847748995
311,1.75987029076,2.51355195045,0.381291985512,0.546283423901,2.54293179512,0.43910446763,1.77343583107,1.32747089863,0.474197179079,0.571287870407,1.37718760967,0.453361600637
312,1.75459194183,2.51084756851,0.383450955153,0.54253757,2.54392623901,0.440105974674,1.77035331726,1.32499861717,0.475148618221,0.565191626549,1.37194311619,0.454096466303
313,1.75048911572,2.50849628448,0.385160952806,0.540246069431,2.54418921471,0.441132754087,1.76786291599,1.32364916801,0.475441992283,0.560813367367,1.36783289909,0.454718470573
314,1.745626688,2.50683951378,0.389087975025,0.537098884583,2.5437476635,0.442999213934,1.76550996304,1.3216881752,0.476397633553,0.555500686169,1.3627872467,0.455922603607
315,1.74150776863,2.50569725037,0.391511172056,0.536177635193,2.54369902611,0.442506760359,1.76355242729,1.32044839859,0.477523386478,0.551455080509,1.35880410671,0.456889092922
316,1.73686850071,2.50421714783,0.393879562616,0.534259080887,2.54246664047,0.441195428371,1.76118350029,1.31844687462,0.478740364313,0.546804726124,1.35395538807,0.457551985979
317,1.73312807083,2.50274062157,0.395628094673,0.532084941864,2.54016685486,0.441004902124,1.75937461853,1.31671071053,0.47917342186,0.543417572975,1.35019135475,0.457468777895
318,1.72850322723,2.50086641312,0.397845000029,0.529517948627,2.53757238388,0.441020190716,1.7570360899,1.3141220808,0.479351371527,0.539556145668,1.34589636326,0.456849634647
319,1.72517895699,2.49872112274,0.399884313345,0.52748054266,2.53583407402,0.441557317972,1.75524926186,1.31214499474,0.479281097651,0.536887943745,1.3427066803,0.456215709448
320,1.72225141525,2.49692606926,0.402950257063,0.524101436138,2.53307819366,0.443615376949,1.7532851696,1.30922484398,0.478750377893,0.533718287945,1.33855128288,0.454848617315
321,1.71888852119,2.49425077438,0.404008239508,0.520533680916,2.52987670898,0.445300877094,1.75083720684,1.30561518669,0.479226350784,0.531317710876,1.33533251286,0.45368462801
322,1.7153390646,2.49117565155,0.403975278139,0.516863882542,2.52663493156,0.445950984955,1.74803745747,1.302282691,0.47842669487,0.52904343605,1.33233702183,0.452511012554
323,1.71192145348,2.48940634727,0.403632760048,0.51414334774,2.52391934395,0.446932762861,1.74592638016,1.29910767078,0.478531122208,0.527358949184,1.33048343658,0.451911211014
324,1.70832240582,2.48654294014,0.403447002172,0.510300278664,2.51991629601,0.448135495186,1.74292016029,1.29490602016,0.478740930557,0.525627732277,1.32900977135,0.450982362032
325,1.7043787241,2.48368191719,0.403425842524,0.507104873657,2.51606488228,0.448075115681,1.73910474777,1.29018628597,0.478766471148,0.523222863674,1.32749092579,0.44887471199
326,1.7005392313,2.48187017441,0.403296291828,0.503484070301,2.51106548309,0.448414623737,1.73447108269,1.28571736813,0.4780420959,0.520411014557,1.32603693008,0.446756720543
327,1.69627416134,2.48166537285,0.401688158512,0.499403864145,2.50515365601,0.447124242783,1.72957789898,1.28090429306,0.477081507444,0.5170596838,1.32403731346,0.444884330034
328,1.69256162643,2.48254227638,0.399442076683,0.495607703924,2.49962568283,0.445320516825,1.72504222393,1.27699482441,0.475670099258,0.514195382595,1.32208704948,0.444031268358
329,1.68944513798,2.4843351841,0.397820562124,0.490903407335,2.49309778214,0.442586392164,1.71972942352,1.27219331264,0.474815636873,0.510606646538,1.31904137135,0.443792253733
330,1.68621981144,2.48704695702,0.398235857487,0.486591100693,2.48633337021,0.439325213432,1.71438896656,1.26729631424,0.473858386278,0.506823658943,1.31564199924,0.444345533848
331,1.6826467514,2.49096035957,0.39958691597,0.48025354743,2.48141026497,0.440097689629,1.70822119713,1.26216077805,0.473316639662,0.502770662308,1.3112051487,0.44505277276
332,1.67771816254,2.4946141243,0.401246577501,0.474712520838,2.47738146782,0.440525531769,1.70207333565,1.25717818737,0.473204523325,0.49858123064,1.30686151981,0.44605204463
333,1.67273712158,2.49590206146,0.403983473778,0.469989717007,2.47455692291,0.440785378218,1.69649577141,1.25340020657,0.472437798977,0.494869053364,1.30313169956,0.44715487957
334,1.66730070114,2.49542999268,0.40766069293,0.46431851387,2.47100114822,0.441283226013,1.69014716148,1.24970471859,0.471009969711,0.490763098001,1.29868686199,0.448123931885
335,1.66234302521,2.49221539497,0.4120901227,0.460854291916,2.46786785126,0.440244168043,1.68412387371,1.24642086029,0.469534784555,0.486423760653,1.29447507858,0.449471980333
336,1.6577641964,2.48675990105,0.416286289692,0.456249147654,2.46438789368,0.440234214067,1.6780371666,1.2432847023,0.468383789062,0.481607913971,1.28979098797,0.450498014688
