,T,Vc,X
0,0,-0.138436635516,0.999977707863
1,0.0131020545959,-0.138482633223,0.999668121338
2,0.0205099582672,-0.13644994373,0.998958110809
3,0.0307240486145,-0.135942181723,0.998548090458
4,0.0408968925476,-0.135585053487,0.998168051243
5,0.0511200428009,-0.135414367245,0.997829198837
6,0.0614259243011,-0.135192489739,0.997464358807
7,0.0720300674438,-0.13370126623,0.996691763401
8,0.0811960697174,-0.133394515683,0.996307194233
9,0.091411113739,-0.133118092009,0.995889008045
10,0.101581096649,-0.132817809202,0.995453774929
11,0.11182308197,-0.132662618651,0.995054781437
12,0.122164011002,-0.131000470253,0.994109213352
13,0.132569074631,-0.130693518448,0.993619084358
14,0.143528938293,-0.130225478485,0.993035376072
15,0.154407024384,-0.129883506126,0.9924877882
16,0.162003993988,-0.128932587013,0.991815030575
17,0.172190904617,-0.125954263569,0.99016803503
18,0.182327032089,-0.127223080044,0.99027633667
19,0.19259595871,-0.125459743926,0.989068984985
20,0.202820062637,-0.124667041711,0.988256156445
21,0.213308095932,-0.121368295325,0.986222088337
22,0.222723007202,-0.120417789968,0.985298871994
23,0.23525094986,-0.120657600866,0.984795212746
24,0.245316982269,-0.119750009876,0.983825802803
25,0.255692005157,-0.118105590965,0.982429206371
26,0.263116121292,-0.115786461102,0.980781197548
27,0.273327112198,-0.114984735799,0.979773342609
28,0.283574104309,-0.11415181666,0.97872620821
29,0.293812036514,-0.113190704823,0.977585375309
30,0.304147958755,-0.112370661261,0.976499915123
31,0.31472492218,-0.109780349948,0.974308609962
32,0.325827121735,-0.108994177389,0.973141431808
33,0.33397603035,-0.108023420363,0.97202539444
34,0.344077110291,-0.107245136829,0.970891475677
35,0.354336023331,-0.106600397076,0.96981793642
36,0.364557027817,-0.104076027093,0.967494666576
37,0.374790906906,-0.10339509095,0.966357409954
38,0.385220050812,-0.102317768867,0.964924454689
39,0.395751953125,-0.101681247084,0.963768422604
40,0.405889034271,-0.0999002939175,0.961829960346
41,0.415015935898,-0.0992765993963,0.960750639439
42,0.425075054169,-0.0987387206728,0.959656655788
43,0.435302019119,-0.0981423354231,0.958499372005
44,0.445599079132,-0.0976323205866,0.957389593124
45,0.455850124359,-0.0957491406661,0.955269634724
46,0.466203927994,-0.0952515438724,0.954140067101
47,0.476865053177,-0.0947593940212,0.952983558178
48,0.488358974457,-0.0944739099403,0.951911389828
49,0.497724056244,-0.0926283740265,0.949813425541
50,0.505937099457,-0.0919869751452,0.948700547218
51,0.516140937805,-0.0915661181578,0.947597563267
52,0.526365041733,-0.0913073377356,0.946611821651
53,0.536641120911,-0.0909341189312,0.945528507233
54,0.546883106232,-0.0891832336813,0.943365871906
55,0.557229995728,-0.0889246067295,0.942350685596
56,0.567806959152,-0.0886799091503,0.941323816776
57,0.579118013382,-0.0884972895992,0.940283477306
58,0.58952999115,-0.0882527239043,0.939260959625
59,0.596945047379,-0.0864385300508,0.937216162682
60,0.609438896179,-0.0864018299849,0.936181128025
61,0.61945104599,-0.0861698472484,0.935184955597
62,0.629878997803,-0.0859524062792,0.934163272381
63,0.639656066895,-0.0857253895631,0.933183193207
64,0.647448062897,-0.0841242151345,0.93123716116
65,0.65749502182,-0.0840315526402,0.930335879326
66,0.667736053467,-0.0838098177814,0.929309546947
67,0.680495023727,-0.0839275481677,0.928352534771
68,0.687877893448,-0.0824217374767,0.926490426064
69,0.698134899139,-0.0823490767828,0.925575375557
70,0.708266019821,-0.0821653653203,0.92457562685
71,0.718518018723,-0.0820982080327,0.923660755157
72,0.728871107101,-0.0820963701706,0.922790050507
73,0.739222049713,-0.0809191294953,0.92092615366
74,0.749814033508,-0.0808372203093,0.919961333275
75,0.761080980301,-0.0808811390263,0.919043719769
76,0.771709918976,-0.0798069732809,0.917226731777
77,0.781656980515,-0.0797337276836,0.916315853596
78,0.789012908936,-0.0793234481563,0.915336430073
79,0.799222946167,-0.0793371715771,0.914473712444
80,0.809298038483,-0.0792358881121,0.913522183895
81,0.819545030594,-0.0792216901507,0.912628889084
82,0.830101966858,-0.0780907404339,0.910743296146
83,0.839582920074,-0.0779508628951,0.909802436829
84,0.849688053131,-0.0779276506461,0.908906877041
85,0.859966039658,-0.0779373673323,0.908023357391
86,0.87020111084,-0.0779651145717,0.90715777874
87,0.880486011505,-0.0767552974518,0.905207037926
88,0.890897989273,-0.0767626846869,0.904303729534
89,0.901478052139,-0.0768424870741,0.903447687626
90,0.913275003433,-0.0759462408815,0.901626825333
91,0.923491954803,-0.0758801386579,0.900670468807
92,0.932986974716,-0.0757657279344,0.899733662605
93,0.94301700592,-0.0757190470522,0.898808002472
94,0.953172922134,-0.07582320663,0.898003160954
95,0.963710069656,-0.0758653068237,0.897108674049
96,0.971055030823,-0.0745307105395,0.895275354385
97,0.981039047241,-0.0744965418256,0.894358575344
98,0.991297960281,-0.074625112302,0.893560886383
99,1.00149798393,-0.074700357778,0.892720043659
100,1.01177191734,-0.0748399363894,0.891928970814
101,1.02210497856,-0.0739188190839,0.89018446207
102,1.03253006935,-0.0740600633672,0.889378607273
103,1.04338002205,-0.0742629270809,0.888589024544
104,1.05427694321,-0.0744891514715,0.887815356255
105,1.06468391418,-0.0738610316115,0.886317908764
106,1.07197499275,-0.0736138160801,0.885440528393
107,1.08217906952,-0.0736896875691,0.884590804577
108,1.09237194061,-0.0738886028906,0.88385206461
109,1.10259699821,-0.0740790404961,0.883102118969
110,1.11305594444,-0.0734416391022,0.881582915783
111,1.12313008308,-0.0735772743844,0.880795061588
112,1.13370299339,-0.0736819048518,0.879933297634
113,1.14494895935,-0.0739085248457,0.879120230675
114,1.15557408333,-0.0733086232445,0.877613067627
115,1.16324710846,-0.0732026225551,0.876820325851
116,1.17300796509,-0.0733475292594,0.876065194607
117,1.18325901031,-0.0734362318028,0.875213742256
118,1.19335889816,-0.0732067468912,0.87408554554
119,1.20360207558,-0.0737273191843,0.87362664938
120,1.21389389038,-0.0731402660612,0.872152864933
121,1.22428202629,-0.0732832893983,0.871335089207
122,1.23484802246,-0.0735438167516,0.870607793331
123,1.24633693695,-0.0737745528032,0.869768321514
124,1.25668692589,-0.0731599170371,0.868258357048
125,1.26640295982,-0.0732989031996,0.867495417595
126,1.27653408051,-0.0735481532901,0.866795003414
127,1.2865729332,-0.0737364566159,0.866046667099
128,1.29440402985,-0.0737268630205,0.865318834782
129,1.30483007431,-0.0730296838459,0.863719761372
130,1.3146739006,-0.0732016943822,0.862972319126
131,1.32476711273,-0.0734361909848,0.862258970737
132,1.3371629715,-0.0739175332381,0.861560463905
133,1.34770989418,-0.0733643780971,0.860077917576
134,1.35738492012,-0.0735106589569,0.859319984913
135,1.36744904518,-0.0736747480007,0.858542084694
136,1.37762188911,-0.0738692644334,0.857781767845
137,1.38772296906,-0.074112980455,0.857073128223
138,1.39851593971,-0.0736868600421,0.855679988861
139,1.40563511848,-0.0735879149464,0.854928970337
140,1.41571712494,-0.0738052066981,0.85419601202
141,1.42592811584,-0.0739607839122,0.853393435478
142,1.43620705605,-0.0742136589352,0.852674365044
143,1.44663500786,-0.0737438514495,0.851269841194
144,1.4562959671,-0.0739521184712,0.850565612316
145,1.46641898155,-0.0741433383826,0.849802196026
146,1.47660899162,-0.0743558664226,0.849051952362
147,1.48682904243,-0.0744686975012,0.848205685616
148,1.49714994431,-0.0739584571856,0.846768915653
149,1.50743198395,-0.0741541046072,0.845992743969
150,1.518034935,-0.0744264947745,0.845257818699
151,1.5293340683,-0.074728030942,0.844484746456
152,1.54009604454,-0.0741027732361,0.842895627022
153,1.54711389542,-0.0739788863046,0.842123866081
154,1.55733203888,-0.0741713027248,0.841348230839
155,1.56760907173,-0.0743114952946,0.840517818928
156,1.57782697678,-0.074163144078,0.839422285557
157,1.58826994896,-0.073842809249,0.838143706322
158,1.59780502319,-0.0739368459543,0.837337911129
159,1.60799002647,-0.074113199533,0.836547970772
160,1.61823892593,-0.0742747581732,0.835737764835
161,1.6285879612,-0.0744940983315,0.834972023964
162,1.63892698288,-0.073793236233,0.833342075348
163,1.64952611923,-0.0739198451258,0.832464516163
164,1.66086912155,-0.0741657183238,0.831628739834
165,1.66865301132,-0.0740990963607,0.830833435059
166,1.67883992195,-0.0742868911232,0.830051064491
167,1.68910193443,-0.0736522026572,0.828486144543
168,1.69932603836,-0.0737996743128,0.827661216259
169,1.709608078,-0.0739422150201,0.826825797558
170,1.7199420929,-0.074094394938,0.825994193554
171,1.73078989983,-0.0735081918352,0.824416279793
172,1.74176502228,-0.0737961819227,0.823651373386
173,1.75184798241,-0.0739370902185,0.822831451893
174,1.76207900047,-0.0740610971535,0.821981191635
175,1.77246403694,-0.0733128428157,0.820290386677
176,1.78261590004,-0.0735212840527,0.819526493549
177,1.790102005,-0.0733917370977,0.818694651127
178,1.80031609535,-0.0735052272051,0.81783425808
179,1.81038808823,-0.0735908717589,0.816960573196
180,1.82066988945,-0.0736575495072,0.816048622131
181,1.83094191551,-0.0729421697776,0.814394831657
182,1.84089589119,-0.0730935826277,0.813593387604
183,1.85112690926,-0.0731360093462,0.812661767006
184,1.86125206947,-0.0731510912221,0.811713814735
185,1.8714799881,-0.0723137506984,0.809944868088
186,1.88179397583,-0.0724521499279,0.809095144272
187,1.8921380043,-0.0725140702735,0.808169424534
188,1.90272092819,-0.0725029074878,0.807150959969
189,1.91485404968,-0.0718331953217,0.805356621742
190,1.9217710495,-0.0715893010319,0.804464578629
191,1.93191599846,-0.071640626626,0.803545892239
192,1.94209289551,-0.0716686624698,0.802601575851
193,1.95236706734,-0.0716086136826,0.801563501358
194,1.96263504028,-0.0717025431866,0.800672650337
195,1.97299408913,-0.0708841381485,0.798900902271
196,1.98377203941,-0.070970348063,0.797952950001
197,1.99488091469,-0.0710231616216,0.796941041946
198,2.00527095795,-0.0710589511457,0.795981228352
199,2.0130751133,-0.0700619336987,0.794279813766
200,2.02281808853,-0.0701182357779,0.793400645256
201,2.03295612335,-0.0702182062748,0.792525172234
202,2.04323601723,-0.0702612749045,0.791581273079
203,2.05342793465,-0.0703804339342,0.790718436241
204,2.06367206573,-0.0697218151141,0.789104223251
205,2.07405805588,-0.0699693920628,0.788345217705
206,2.08463811874,-0.070217281985,0.787567675114
207,2.095911026,-0.0704459150267,0.786704897881
208,2.10650897026,-0.0699146271917,0.785176694393
209,2.11381602287,-0.0699299683544,0.78448933363
210,2.12398409843,-0.0702331332888,0.783803462982
211,2.1342151165,-0.0705776038293,0.783151090145
212,2.14452195168,-0.0708755737686,0.782446563244
213,2.15521907806,-0.0704756169931,0.781032919884
214,2.16431689262,-0.0706952675127,0.780368864536
215,2.17683410645,-0.0713117533798,0.779757499695
216,2.18688297272,-0.0716641365231,0.779129385948
217,2.19748806953,-0.0721406786483,0.778567135334
218,2.20474791527,-0.071543618198,0.777292907238
219,2.21492910385,-0.0719337652229,0.776687920094
220,2.22507810593,-0.0722493180012,0.77601402998
221,2.23536205292,-0.0725828458571,0.775344312191
222,2.24561309814,-0.0729220735015,0.774683117867
223,2.25602507591,-0.0727189463271,0.773483216763
224,2.26692390442,-0.0731278676188,0.772826373577
225,2.27785301208,-0.0735656553408,0.772194325924
226,2.28816604614,-0.0738469138193,0.771470546722
227,2.29784107208,-0.073357118125,0.770063817501
228,2.30576300621,-0.0733685288745,0.769309878349
229,2.31596302986,-0.0736488389003,0.768595457077
230,2.32619810104,-0.0739412655995,0.767889201641
231,2.33642292023,-0.0741604107726,0.767112970352
232,2.3466129303,-0.0735192293572,0.765508234501
233,2.3569290638,-0.0737083809221,0.764693617821
234,2.36741900444,-0.0739260210624,0.763889551163
235,2.37825393677,-0.0741611669838,0.763068854809
236,2.38960003853,-0.0744260128147,0.762227237225
237,2.39687991142,-0.0734490824515,0.76057690382
238,2.40700507164,-0.0735077031435,0.75965321064
239,2.41723704338,-0.0736286304155,0.758779287338
240,2.42752599716,-0.0737304394473,0.757881104946
241,2.43775892258,-0.0739036906431,0.757057368755
242,2.44806194305,-0.0730783485811,0.755258500576
243,2.45865893364,-0.0732041751084,0.754352867603
244,2.46975898743,-0.0734729441585,0.753536880016
245,2.48080801964,-0.0727274665969,0.751741409302
246,2.48797392845,-0.0725116146358,0.750836312771
247,2.49817109108,-0.0726589592467,0.749989330769
248,2.50839090347,-0.0728417180682,0.749174356461
249,2.51865291595,-0.0730567312263,0.748386442661
250,2.52904391289,-0.073238920621,0.747553944588
251,2.53940701485,-0.0725009446449,0.745829641819
252,2.55030608177,-0.0727316787536,0.744994401932
253,2.56117796898,-0.0731185666359,0.74431347847
254,2.57144403458,-0.0733779462285,0.743567347527
255,2.57901096344,-0.0733431681022,0.742797493935
256,2.5892291069,-0.072771650885,0.741247236729
257,2.599421978,-0.072945111576,0.74042403698
258,2.60969090462,-0.0731770415017,0.739650189877
259,2.62006592751,-0.0735471179012,0.739000380039
260,2.631057024,-0.0732555717798,0.737646102905
261,2.63959002495,-0.0734287951453,0.736983656883
262,2.64978790283,-0.0736695083032,0.736224651337
263,2.65985012054,-0.073908783365,0.7354773283
264,2.66988801956,-0.0741121268882,0.73469722271
265,2.68003511429,-0.0737978108526,0.733401656151
266,2.69026589394,-0.0741449731922,0.732742607594
267,2.70051193237,-0.0744982867853,0.73208796978
268,2.71077609062,-0.0748590740481,0.731438755989
269,2.72140789032,-0.074348959032,0.729903876781
270,2.73170804977,-0.0745724696458,0.729116857052
271,2.7430369854,-0.0750288861263,0.728456616402
272,2.7531619072,-0.0753400902272,0.727772057056
273,2.76366400719,-0.0749444030931,0.726360321045
274,2.77101302147,-0.0749097478564,0.725608766079
275,2.78100895882,-0.0750952478342,0.724813580513
276,2.79121208191,-0.0752381622927,0.723956406116
277,2.80144405365,-0.0754276751958,0.723141789436
278,2.81175303459,-0.0753480563794,0.72205644846
279,2.82203006744,-0.0751871614921,0.720894515514
280,2.83249807358,-0.0753495644567,0.720029771328
281,2.84339308739,-0.0755175949123,0.719128608704
282,2.85419511795,-0.0756749182741,0.718225896358
283,2.86466097832,-0.0749963800201,0.716538012028
284,2.87198495865,-0.0748800236786,0.715707361698
285,2.88221001625,-0.0749567445495,0.714781582355
286,2.89234995842,-0.0750360915816,0.713866531849
287,2.90255188942,-0.0751736689384,0.7130022645
288,2.91317892075,-0.0743639139821,0.71116822958
289,2.92262411118,-0.0744286718264,0.710306286812
290,2.93266510963,-0.074457613405,0.709350705147
291,2.94286608696,-0.0745174542091,0.708409547806
292,2.95308589935,-0.0746683655791,0.707555651665
293,2.96339201927,-0.0740054743172,0.705895125866
294,2.97370004654,-0.0740711431144,0.704948544502
295,2.98425793648,-0.0742574852197,0.70409566164
296,2.99552512169,-0.074452027293,0.703181087971
297,3.00668096542,-0.073913924286,0.701558232307
298,3.01350998878,-0.0737748808529,0.700751423836
299,3.02359008789,-0.0739333877111,0.699917435646
300,3.03380489349,-0.0740480780941,0.699027061462
301,3.0440299511,-0.0741897382142,0.698162019253
302,3.05434393883,-0.074388067157,0.697343766689
303,3.06474900246,-0.0738642406758,0.695806920528
304,3.07507896423,-0.0741337367731,0.695056676865
305,3.08597993851,-0.0744067082456,0.694253623486
306,3.09707999229,-0.0747014665383,0.693452298641
307,3.10473895073,-0.0738134636842,0.691826283932
308,3.11460900307,-0.0740031586363,0.691042244434
309,3.12711691856,-0.0745691681279,0.690368771553
310,3.13718795776,-0.0748595791601,0.689663827419
311,3.14801192284,-0.0743899461814,0.688136935234
312,3.15509295464,-0.0742831561096,0.687335073948
313,3.16526794434,-0.0744430616053,0.686491072178
314,3.17536711693,-0.0746786502963,0.685728907585
315,3.18549394608,-0.0749108119236,0.684960544109
316,3.1958899498,-0.0744183142419,0.683452010155
317,3.20597410202,-0.0746142616518,0.682651877403
318,3.21625304222,-0.074852734269,0.681874334812
319,3.22669005394,-0.0750490979302,0.681039631367
320,3.23728108406,-0.0753012136637,0.68024456501
321,3.24868011475,-0.0756191180003,0.679434597492
322,3.25627994537,-0.0747555806688,0.677834510803
323,3.26637101173,-0.0749823860405,0.677063345909
324,3.27658390999,-0.0752139803414,0.676284790039
325,3.2867410183,-0.0753660538273,0.675433218479
326,3.29698991776,-0.0746868805928,0.673752605915
327,3.30730700493,-0.0748667368675,0.672912299633
328,3.31701493263,-0.075041616054,0.672127068043
329,3.327272892,-0.0752414000324,0.67131203413
330,3.33755993843,-0.0745239080915,0.669588685036
331,3.34772205353,-0.0747082331384,0.668767511845
332,3.35808706284,-0.0748862151537,0.667919933796
333,3.36859202385,-0.075067143777,0.667061328888
334,3.380163908,-0.0746076986597,0.665464758873
335,3.39061999321,-0.0747750338668,0.664597213268
336,3.40021109581,-0.0747955436017,0.66366994381
337,3.41033005714,-0.0749182596583,0.662791371346
338,3.42054009438,-0.0751140781201,0.6619759202
339,3.43102002144,-0.0752789195333,0.661103069782
340,3.43829703331,-0.0742582274432,0.659374713898
341,3.4508960247,-0.0745642689743,0.658431589603
342,3.46087503433,-0.0746432289985,0.657522857189
343,3.47117090225,-0.0747391207551,0.656599402428
344,3.48157191277,-0.0748929594938,0.655722737312
345,3.48894000053,-0.073810921739,0.653923213482
346,3.49903106689,-0.0738751698713,0.652988195419
347,3.50923109055,-0.0738931815518,0.65199649334
348,3.51951599121,-0.0739771526769,0.651061534882
349,3.5298769474,-0.0731125158291,0.649179637432
350,3.54003596306,-0.0732662144297,0.648325800896
351,3.55054402351,-0.0732888423746,0.64730745554
352,3.5613629818,-0.0733981915933,0.646344065666
353,3.57265591621,-0.0725298827228,0.644364833832
354,3.58259892464,-0.0726241143448,0.643472850323
355,3.59259009361,-0.0726834136195,0.642541348934
356,3.60271811485,-0.0727041000142,0.641557872295
357,3.61334490776,-0.0717544306014,0.639562606812
358,3.62347507477,-0.0718248678186,0.638627827168
359,3.63060498238,-0.0717016477782,0.637798428535
360,3.64087104797,-0.07178988423,0.636867582798
361,3.65109610558,-0.0718206216354,0.635883629322
362,3.66128206253,-0.0718281901927,0.634880423546
363,3.67121505737,-0.0719277806185,0.633993506432
364,3.68116903305,-0.0712486838874,0.632331430912
365,3.69126701355,-0.0713807715942,0.63146007061
366,3.7014799118,-0.0714745783713,0.630539178848
367,3.7117459774,-0.0715643415521,0.629608869553
368,3.72197794914,-0.0708710768432,0.627904057503
369,3.73228096962,-0.0711017423463,0.627109706402
370,3.74277806282,-0.0714108770706,0.626373946667
371,3.75370597839,-0.0716733141259,0.625548899174
372,3.76386189461,-0.0718358570608,0.624701201916
373,3.77220511436,-0.0710462386278,0.62308716774
374,3.7823779583,-0.0713739146155,0.62240165472
375,3.79260110855,-0.0716263525517,0.621636271477
376,3.80287289619,-0.0719758730606,0.620962500572
377,3.81332707405,-0.0715569071086,0.619506299496
378,3.82297301292,-0.0717378538511,0.618726909161
379,3.83561491966,-0.072239454929,0.617968380451
380,3.84556102753,-0.072522424217,0.617260456085
381,3.85602211952,-0.0722005717815,0.615899443626
382,3.86607408524,-0.0725701023819,0.615266919136
383,3.87592101097,-0.0728561179664,0.614571630955
384,3.88382291794,-0.0728542766802,0.613783359528
385,3.89397907257,-0.0731245327455,0.613041460514
386,3.90424799919,-0.0733603992767,0.612254023552
387,3.91449594498,-0.072927969256,0.610803186893
388,3.92472910881,-0.0732722529531,0.610127031803
389,3.93521904945,-0.0736680129918,0.60947650671
390,3.94626808167,-0.073163003875,0.607873022556
391,3.9575510025,-0.0734119839086,0.606997072697
392,3.96458005905,-0.0732576378141,0.606142997742
393,3.97464895248,-0.0734765827105,0.605357885361
394,3.98481011391,-0.0737269087338,0.604594767094
395,3.99508094788,-0.0740224298034,0.603865683079
396,4.00526094437,-0.0732811373585,0.602112054825
397,4.01557207108,-0.0733150195752,0.60111784935
398,4.02606105804,-0.0734579779985,0.600214540958
399,4.03692889214,-0.0737464541631,0.599418461323
400,4.04846692085,-0.0740831510404,0.598603546619
401,4.05546498299,-0.0730053213153,0.596830368042
402,4.06568408012,-0.0730437354906,0.59584915638
403,4.07588410378,-0.0730986501153,0.594886183739
404,4.08610892296,-0.0731940343603,0.593961000443
405,4.0966489315,-0.0725685390009,0.592284679413
406,4.1061770916,-0.0726597177274,0.591424524784
407,4.11639499664,-0.0727013531104,0.590445935726
408,4.12665700912,-0.0727669860266,0.589486777782
409,4.13688492775,-0.0729350878954,0.588633239269
410,4.14716100693,-0.0722894090693,0.58696192503
411,4.15757608414,-0.0724392861704,0.586071193218
412,4.16813611984,-0.0726386031135,0.585215270519
413,4.17710900307,-0.0726098729631,0.584289968014
414,4.18739509583,-0.0727680430048,0.583420097828
415,4.19757509232,-0.0722519553435,0.581886768341
416,4.20780992508,-0.0724433755199,0.581054985523
417,4.2181429863,-0.0727377102148,0.580316185951
418,4.2285349369,-0.0729730916124,0.579512476921
419,4.23960208893,-0.0724444263431,0.577877044678
420,4.25045394897,-0.072846610161,0.577193915844
421,4.26046299934,-0.0731104118323,0.576456606388
422,4.27055692673,-0.0733957615082,0.575732290745
423,4.2807559967,-0.0729726157688,0.574288487434
424,4.28839898109,-0.0730024769407,0.573553562164
425,4.2986330986,-0.073285209892,0.572812318802
426,4.30888295174,-0.0735755441068,0.572077035904
427,4.31917500496,-0.0739810429135,0.571452736855
428,4.32946705818,-0.0735512239032,0.569992125034
429,4.33972501755,-0.0738772287682,0.569291472435
430,4.35036706924,-0.0743293261777,0.568678557873
431,4.36164903641,-0.0747911241253,0.56801122427
432,4.37232589722,-0.0743634958325,0.566513597965
433,4.37969303131,-0.0743826515364,0.565794825554
434,4.38963794708,-0.074652514123,0.565068900585
435,4.39975404739,-0.074957887524,0.564361333847
436,4.41002392769,-0.075298275309,0.563673377037
437,4.42022609711,-0.0756348094254,0.56298828125
438,4.43046998978,-0.0750192428188,0.56134468317
439,4.44084596634,-0.0752842369747,0.560570240021
440,4.45126891136,-0.0754373593767,0.559678852558
441,4.46211290359,-0.0757392192766,0.558894276619
442,4.47359108925,-0.0753230348543,0.557325959206
443,4.48073101044,-0.0751454432324,0.556431770325
444,4.49074912071,-0.0752320078735,0.555513739586
445,4.50089001656,-0.075345874972,0.554610669613
446,4.51115012169,-0.0753603851269,0.553595840931
447,4.52150797844,-0.0747023637805,0.551896154881
448,4.53127598763,-0.0747476622222,0.550961256027
449,4.54153203964,-0.0747890944166,0.549973368645
450,4.5517449379,-0.074800811674,0.548959851265
451,4.56199097633,-0.0748096272069,0.547939956188
452,4.57233405113,-0.074046236006,0.546134650707
453,4.58275699615,-0.0741648018792,0.545206844807
454,4.59370994568,-0.0741630576673,0.544104814529
455,4.60479593277,-0.0742594900081,0.543087899685
456,4.61532211304,-0.0733908467629,0.541157245636
457,4.62223601341,-0.0732356771525,0.540306389332
458,4.63247394562,-0.0732921084292,0.539333999157
459,4.64261507988,-0.0732916172597,0.538313984871
460,4.65283298492,-0.0732617755099,0.537256598473
461,4.6632809639,-0.0724106923453,0.535349965096
462,4.67299795151,-0.0724747471424,0.534437000751
463,4.68291211128,-0.0726489818222,0.533614933491
464,4.69536495209,-0.0729357691377,0.532650589943
465,4.7059481144,-0.0720907316307,0.530735254288
466,4.71570301056,-0.0721854336455,0.529848754406
467,4.72323608398,-0.0721093348906,0.529013872147
468,4.73341107368,-0.0722887593137,0.5281701684
469,4.74356293678,-0.072475023966,0.527335584164
470,4.75381398201,-0.0725937027232,0.526422858238
471,4.76410293579,-0.0719397961324,0.524728059769
472,4.77445793152,-0.0721380045465,0.523884654045
473,4.78504896164,-0.0724323868278,0.523114264011
474,4.79651689529,-0.0727237940489,0.522252440453
475,4.80664610863,-0.072179543013,0.520683288574
476,4.81416392326,-0.0720780559372,0.519823312759
477,4.82433700562,-0.0723385776641,0.519060492516
478,4.83456110954,-0.0725652000276,0.518258273602
479,4.84478497505,-0.0728051876707,0.517469465733
480,4.85501098633,-0.072152012565,0.515779674053
481,4.86544895172,-0.0724312884561,0.515008628368
482,4.87600898743,-0.0726544260892,0.514168560505
483,4.8873128891,-0.0730254881759,0.513402581215
484,4.89695811272,-0.0722455929686,0.511642575264
485,4.90507602692,-0.0722135675224,0.510791063309
486,4.91527891159,-0.0723226391686,0.509871423244
487,4.92554593086,-0.0725120508218,0.509026288986
488,4.93576788902,-0.0726538965188,0.508137583733
489,4.94607996941,-0.0717974157001,0.506231606007
490,4.95625400543,-0.0718507742211,0.505258023739
491,4.96670794487,-0.0720237783207,0.504376888275
492,4.97757506371,-0.0721780861085,0.503435015678
493,4.98922204971,-0.0713475793847,0.501419126987
494,4.99631094933,-0.070995947192,0.50034737587
495,5.0063149929,-0.0709621431113,0.499302059412
496,5.01658391953,-0.0710295346061,0.498332113028
497,5.02678394318,-0.0710838908235,0.497355818748
498,5.03705191612,-0.0710574718848,0.496290832758
499,5.04734802246,-0.0698269929715,0.494004935026
500,5.05781412125,-0.0698303218005,0.492949485779
501,5.06876802444,-0.069957193056,0.491969525814
502,5.0794711113,-0.0700185119365,0.490948468447
503,5.08971595764,-0.0697388744392,0.489628523588
504,5.09727692604,-0.068342823191,0.487449705601
505,5.10747289658,-0.0683912666017,0.486466288567
506,5.11774301529,-0.0682879941302,0.485321551561
507,5.12794995308,-0.0682062780942,0.484204858541
508,5.13827705383,-0.0670183075509,0.481954842806
509,5.14856791496,-0.0671107595316,0.481005609035
510,5.15908288956,-0.0672547156775,0.480085730553
511,5.17024493217,-0.0671704274116,0.478868722916
512,5.17828989029,-0.0669514919311,0.477831035852
513,5.18849205971,-0.0660230520707,0.47585478425
514,5.19873595238,-0.0661026512957,0.474896401167
515,5.20905804634,-0.0662435802357,0.473992168903
516,5.21938204765,-0.0664062042854,0.47310963273
517,5.23000311852,-0.0655954613643,0.471208900213
518,5.24067497253,-0.0657686720528,0.470301419497
519,5.25145792961,-0.0660268529191,0.469468802214
520,5.26162004471,-0.0662525516702,0.468666136265
521,5.2722659111,-0.065791455391,0.467116713524
522,5.27957105637,-0.0656702839706,0.46625161171
523,5.2896490097,-0.0658882578751,0.465449243784
524,5.29988193512,-0.0660949912896,0.464619606733
525,5.31016802788,-0.0664043674882,0.463888764381
526,5.32048392296,-0.066720384717,0.463161557913
527,5.33096408844,-0.0663466518325,0.4617164433
528,5.34182310104,-0.0666535300613,0.460924476385
529,5.35262489319,-0.066940628492,0.460118114948
530,5.36275792122,-0.0672181876819,0.459369957447
531,5.37336206436,-0.0667863150008,0.457852214575
532,5.38292193413,-0.0670205377741,0.45711800456
533,5.39297389984,-0.0673612928194,0.456442028284
534,5.40329098701,-0.0676366079728,0.455672413111
535,5.41366910934,-0.0671155080718,0.454085946083
536,5.42364692688,-0.0672271402324,0.453183948994
537,5.43340492249,-0.0674162140035,0.452383041382
538,5.44342708588,-0.0676634776358,0.451614379883
539,5.45356106758,-0.0678252400692,0.450747162104
540,5.4641931057,-0.0671949034555,0.449022263288
541,5.47136998177,-0.0671310318515,0.448226064444
542,5.48158097267,-0.0672358131504,0.44729244709
543,5.49174499512,-0.0673954935998,0.446419417858
544,5.50203704834,-0.0676463189981,0.445626109838
545,5.51226902008,-0.0677055395587,0.444643497467
546,5.52263903618,-0.067128254903,0.442997634411
547,5.53331494331,-0.0672176040534,0.442000031471
548,5.54457092285,-0.0675001391624,0.441140145063
549,5.55487203598,-0.0676855310803,0.440278440714
550,5.56246805191,-0.0676066442204,0.43942296505
551,5.57258009911,-0.0668779138977,0.437647372484
552,5.58279109001,-0.0680834679466,0.437835633755
553,5.59307289124,-0.0671825463637,0.435866415501
554,5.60333204269,-0.0674285564817,0.435070097446
555,5.61423707008,-0.0668804802326,0.433396667242
556,5.62309098244,-0.0670221636588,0.432636976242
557,5.63559794426,-0.0674247699142,0.431770533323
558,5.64570903778,-0.0676443256613,0.430961728096
559,5.65655398369,-0.0679774779414,0.430193901062
560,5.66353607178,-0.0671987083792,0.428684204817
561,5.67371201515,-0.0674896110015,0.427941262722
562,5.68606805801,-0.0680094352193,0.427209377289
563,5.69632697105,-0.0683058302363,0.426463365555
564,5.70675492287,-0.0678787478501,0.424959897995
565,5.71638894081,-0.0681216668519,0.424222797155
566,5.72650003433,-0.0684807770938,0.423555672169
567,5.7365899086,-0.0688018532419,0.422851711512
568,5.74702310562,-0.0685050836399,0.421480089426
569,5.75679707527,-0.0694824806049,0.421480089426
570,5.76450490952,-0.0689270274437,0.420122295618
571,5.77465605736,-0.0691864919391,0.41934850812
572,5.78479790688,-0.0696904054644,0.418825924397
573,5.79500699043,-0.0700115961039,0.418109238148
574,5.80522203445,-0.0697041121512,0.416747748852
575,5.8154759407,-0.0701003887755,0.416103124619
576,5.82585501671,-0.0705541023539,0.415504455566
577,5.83648610115,-0.0709325679161,0.414802759886
578,5.84827303886,-0.0714827639689,0.414158523083
579,5.85551190376,-0.0708937691928,0.412812501192
580,5.86566591263,-0.0712178564753,0.412103593349
581,5.87588596344,-0.0715996685985,0.411447018385
582,5.88616108894,-0.0720156309774,0.410819739103
583,5.89648890495,-0.0718813685795,0.409622460604
584,5.90661096573,-0.0722499234024,0.408962011337
585,5.91705203056,-0.0725911388947,0.408240675926
586,5.9275970459,-0.0729576302145,0.407534509897
587,5.93928194046,-0.0727515853634,0.406123399734
588,5.94905400276,-0.0730598549155,0.405436515808
589,5.95907306671,-0.0734569609342,0.404815405607
590,5.96922492981,-0.0738958291449,0.40422347188
591,5.9795320034,-0.0742713511402,0.403550446033
592,5.98980593681,-0.0739716239549,0.402186900377
593,5.99941396713,-0.0742115201413,0.401446044445
594,6.00963401794,-0.0745600472562,0.400753825903
595,6.01970005035,-0.0748682530546,0.400035887957
596,6.02985191345,-0.0751825392161,0.399315267801
597,6.04043698311,-0.0762836246982,0.399359047413
598,6.04999303818,-0.0753122613343,0.397377312183
599,6.06003093719,-0.075654626412,0.396696895361
600,6.07018709183,-0.0759362724944,0.395941734314
601,6.08074593544,-0.0756105145876,0.394519865513
602,6.09075093269,-0.0759548042989,0.393844395876
603,6.1006629467,-0.0762722933717,0.393150806427
604,6.11086606979,-0.0766443488542,0.392483323812
605,6.12088298798,-0.0770120296577,0.391830414534
606,6.13144993782,-0.0768189716136,0.39054313302
607,6.14108395576,-0.0770716663265,0.389810919762
608,6.15116596222,-0.0773439136775,0.389052569866
609,6.16125392914,-0.0777458153502,0.388427108526
610,6.17198610306,-0.0775857850406,0.387155860662
611,6.18164110184,-0.0785512849185,0.387155860662
612,6.18916702271,-0.0792529426377,0.38710334897
613,6.19927406311,-0.0784254748547,0.38520783186
614,6.20951390266,-0.0788411592746,0.384580373764
615,6.21972298622,-0.0792804314323,0.383980333805
616,6.23007011414,-0.0790551427017,0.382680177689
617,6.24026489258,-0.0794493826674,0.382034868002
618,6.25075006485,-0.0799314760865,0.381450176239
619,6.2617020607,-0.0804400375242,0.380844533443
620,6.27288889885,-0.080905469916,0.380170017481
621,6.2801220417,-0.0803911460644,0.378891795874
622,6.29027700424,-0.0822954298503,0.379809767008
623,6.30055809021,-0.0813207379968,0.37774091959
624,6.31072497368,-0.0815917692307,0.376970410347
625,6.3211209774,-0.0814397143294,0.375738739967
626,6.3308069706,-0.0817914043933,0.375100970268
627,6.34099602699,-0.0820561394896,0.374321162701
628,6.35122609138,-0.0823860624741,0.373604387045
629,6.36154294014,-0.0827620086572,0.37292611599
630,6.37201905251,-0.0824059687346,0.37147384882
631,6.38244390488,-0.0826872445584,0.37068605423
632,6.39380002022,-0.0830184141033,0.36985334754
633,6.40388798714,-0.0833011098363,0.369101583958
634,6.4145860672,-0.0846891762689,0.369431108236
635,6.42166090012,-0.0846083300588,0.368614822626
636,6.43193101883,-0.0828292303354,0.365707814693
637,6.4421210289,-0.083023395249,0.364852905273
638,6.45236611366,-0.0831248324922,0.363895952702
639,6.46278691292,-0.0832593610011,0.362954854965
640,6.47314596176,-0.0844334044832,0.363098114729
641,6.48419094086,-0.0826439547586,0.360095739365
642,6.49488997459,-0.0827461672055,0.359091252089
643,6.50567293167,-0.0818682983662,0.35705986619
644,6.51585292816,-0.0839936209874,0.358209908009
645,6.52525496483,-0.0838917164187,0.357127606869
646,6.53532505035,-0.0818682934978,0.353978455067
647,6.5454390049,-0.0819148061401,0.352975189686
648,6.5563519001,-0.0831674445764,0.353142976761
649,6.56692194939,-0.0831703750919,0.352046698332
650,6.57325911522,-0.0829053580447,0.351111710072
651,6.58336496353,-0.0808598614581,0.347930461168
652,6.59364199638,-0.0808794469239,0.346880406141
653,6.60388207436,-0.0810098177402,0.345949321985
654,6.61413097382,-0.0821969581745,0.34611839056
655,6.62455296516,-0.08226054449,0.345098525286
656,6.63510608673,-0.0804080417854,0.342066287994
657,6.64707589149,-0.079788906857,0.340171039104
658,6.65751194954,-0.0820325711041,0.341423511505
659,6.66658711433,-0.0800387430338,0.338394612074
660,6.67429995537,-0.0799210158702,0.337465941906
661,6.68457508087,-0.0800169746239,0.336492538452
662,6.69469809532,-0.0801605864015,0.335584551096
663,6.70477390289,-0.0796140432294,0.333959460258
664,6.71480298042,-0.079789448985,0.333093822002
665,6.72500395775,-0.0818420941953,0.33417391777
666,6.73524403572,-0.0800854505602,0.331264346838
667,6.74560809135,-0.0803546556997,0.330461084843
668,6.7559928894,-0.079794100208,0.328786194324
669,6.76684308052,-0.080135932426,0.328007429838
670,6.77770495415,-0.0804489661977,0.327197045088
671,6.78837394714,-0.0799551723453,0.325560510159
672,6.7985959053,-0.0801018425019,0.324642032385
673,6.80795907974,-0.0803060577986,0.323873788118
674,6.81862902641,-0.0805673665668,0.323028087616
675,6.82584404945,-0.0805292288256,0.322230488062
676,6.83595299721,-0.080705202802,0.321353584528
677,6.84640407562,-0.0802235095696,0.319749295712
678,6.85635304451,-0.0803489712945,0.318835318089
679,6.8666100502,-0.0805324181319,0.317949622869
680,6.87700200081,-0.0807663176932,0.317102521658
681,6.88740992546,-0.0810695225441,0.316326409578
682,6.89872789383,-0.0804635318651,0.314496964216
683,6.90918707848,-0.0807750752774,0.313723474741
684,6.91963505745,-0.0809480950501,0.312804967165
685,6.92687511444,-0.0807493472782,0.311832398176
686,6.93708395958,-0.0809478962883,0.310965359211
687,6.94723510742,-0.0815216713013,0.31049990654
688,6.95745897293,-0.0805805431851,0.30842807889
689,6.96770000458,-0.0819584281842,0.308801501989
690,6.9780330658,-0.080873786894,0.306565135717
691,6.98901391029,-0.0802556084095,0.304751425982
692,6.99960899353,-0.0816452526993,0.305100411177
693,7.01021409035,-0.0818604723623,0.304206758738
694,7.02040505409,-0.0809760387163,0.302193105221
695,7.03124499321,-0.0801718752115,0.30019402504
696,7.04132890701,-0.0802680393518,0.299227595329
697,7.05052495003,-0.0803915988425,0.298383921385
698,7.0606379509,-0.0804800064325,0.297405421734
699,7.07080507278,-0.0806447312836,0.296501725912
700,7.08182406425,-0.0798668556744,0.294506579638
701,7.09093809128,-0.0798380214769,0.293507963419
702,7.10114192963,-0.0819166367417,0.294631868601
703,7.11116790771,-0.0819837417601,0.293638348579
704,7.12135410309,-0.0821244988224,0.292705625296
705,7.13205504417,-0.0791496436353,0.288402676582
706,7.14144301414,-0.0791183140349,0.287369370461
707,7.15151596069,-0.0811101206773,0.288417994976
708,7.1617000103,-0.0790421333092,0.285128831863
709,7.17171597481,-0.0779755388782,0.282921791077
710,7.17966508865,-0.0778074006908,0.281893253326
711,7.18967103958,-0.0799167517516,0.2830773592
712,7.19993901253,-0.0777751908704,0.279691785574
713,7.21017003059,-0.0776730531246,0.278487980366
714,7.22050094604,-0.0777041591101,0.277415394783
715,7.23112106323,-0.0788810126093,0.277538359165
716,7.24186611176,-0.0789185675433,0.276427775621
717,7.25273895264,-0.0768536879485,0.273047685623
718,7.2630341053,-0.0768261424378,0.271912783384
719,7.27403998375,-0.0771492903621,0.271077632904
720,7.28304409981,-0.0780373593176,0.271064370871
721,7.29325699806,-0.0779947566289,0.269920855761
722,7.30367207527,-0.078063066705,0.268874168396
723,7.31111192703,-0.0756758522402,0.265502184629
724,7.32127904892,-0.0768571535923,0.265679597855
725,7.33111190796,-0.0768611251689,0.264623701572
726,7.34131908417,-0.07686548714,0.263527154922
727,7.35149002075,-0.0767710158919,0.262327045202
728,7.36174607277,-0.0761117918608,0.260506302118
729,7.37202191353,-0.0738326401226,0.256926685572
730,7.38239502907,-0.0737748918846,0.255739420652
731,7.39304208755,-0.0738576425492,0.254673987627
732,7.40467095375,-0.0740344750322,0.253603339195
733,7.41199707985,-0.0738199989755,0.252574265003
734,7.42218399048,-0.0729630395031,0.25053408742
735,7.43241691589,-0.0729804716419,0.249438792467
736,7.44265389442,-0.0729921636156,0.248335942626
737,7.45305395126,-0.0731758521768,0.247402071953
738,7.46396899223,-0.0724527733615,0.245421037078
739,7.47466397285,-0.07263622691,0.244452655315
740,7.48520112038,-0.0748502313278,0.245720624924
741,7.49525904655,-0.0736290921034,0.243285953999
742,7.50590991974,-0.0733607870205,0.241826012731
743,7.5165040493,-0.0742862431275,0.241679251194
744,7.52558898926,-0.0723531467789,0.23856203258
745,7.53569602966,-0.0725494261606,0.237667173147
746,7.54585194588,-0.0726877366412,0.236702516675
747,7.55660796165,-0.071823722024,0.23456697166
748,7.56594991684,-0.0720103655791,0.233742877841
749,7.57608509064,-0.0744054333721,0.235265433788
750,7.58625292778,-0.0725012618129,0.232044011354
751,7.59633493423,-0.0726399531043,0.231083318591
752,7.60715794563,-0.0740224822908,0.231415122747
753,7.61648893356,-0.0741586545478,0.230534166098
754,7.62656807899,-0.0744065137957,0.229693323374
755,7.63674211502,-0.0746479969716,0.228834271431
756,7.64786696434,-0.074079374373,0.226970732212
757,7.65759992599,-0.0723301603373,0.223945856094
758,7.66695594788,-0.0744752360564,0.225290730596
759,7.67715501785,-0.0746672525662,0.224370345473
760,7.68486690521,-0.0746311367079,0.223472058773
761,7.69493794441,-0.0748571216883,0.222602158785
762,7.70536899567,-0.074361075819,0.220885872841
763,7.71529102325,-0.0725340930192,0.217734456062
764,7.72552394867,-0.0727965384119,0.216882169247
765,7.73593497276,-0.0730738573532,0.216025814414
766,7.7473089695,-0.0746809749172,0.216552555561
767,7.75771808624,-0.0749246971741,0.215658411384
768,7.76787996292,-0.0751294896736,0.214747443795
769,7.77798104286,-0.0731672549234,0.211402460933
770,7.78832697868,-0.075524662144,0.212892666459
771,7.79913902283,-0.0730173895348,0.208844125271
772,7.80862307549,-0.0752889881497,0.210339173675
773,7.81604290009,-0.0751021132401,0.209289953113
774,7.82615709305,-0.075324253323,0.208397373557
775,7.83643198013,-0.0755209735635,0.207456842065
776,7.84663796425,-0.0729085092957,0.203330904245
777,7.85681009293,-0.0753103913699,0.204905942082
778,7.86717009544,-0.0755169510862,0.20396284759
779,7.87760090828,-0.0756396066566,0.202914968133
780,7.88926005363,-0.0752570840128,0.201148882508
781,7.89947104454,-0.0755513875977,0.2003185004
782,7.90712404251,-0.0734857411979,0.197075068951
783,7.91734695435,-0.073723508744,0.196173623204
784,7.92754292488,-0.0760682430815,0.197695583105
785,7.93806290627,-0.0754751014143,0.195805594325
786,7.94806909561,-0.0756941825419,0.194905936718
787,7.95857000351,-0.0759958439188,0.194043278694
788,7.97003293037,-0.0764692373781,0.193266734481
789,7.97795510292,-0.0765885283755,0.192489251494
790,7.98830890656,-0.0764437830868,0.191123530269
791,7.99840593338,-0.0762109486497,0.18968243897
792,8.0086619854,-0.0765721778808,0.188910543919
793,8.01897192001,-0.0769212002797,0.188117206097
794,8.02956604958,-0.0773236241843,0.187351956964
795,8.04030203819,-0.0771360058872,0.185880184174
796,8.0512111187,-0.0774146196747,0.184930339456
797,8.06136989594,-0.0777735595023,0.184161022305
798,8.07218003273,-0.0775933041303,0.182681083679
799,8.07915091515,-0.0782903923719,0.182681083679
800,8.08928608894,-0.07803257837,0.181185364723
801,8.09950494766,-0.0784934412267,0.180524021387
802,8.10974597931,-0.0788821793264,0.179774060845
803,8.12005901337,-0.079161052687,0.178884550929
804,8.13112306595,-0.0791774287586,0.177593246102
805,8.14132189751,-0.0789404202461,0.176100209355
806,8.15218710899,-0.0794430874993,0.175405144691
807,8.16233801842,-0.0804663213426,0.175414845347
808,8.17326712608,-0.080449176017,0.174090653658
809,8.18007302284,-0.0804454418742,0.173272505403
810,8.19025611877,-0.0809131622806,0.172613218427
811,8.20046210289,-0.0813110469504,0.171866446733
812,8.21067810059,-0.0817130713953,0.17112223804
813,8.22104907036,-0.0812734903505,0.169343560934
814,8.23132801056,-0.0820001698273,0.168979868293
815,8.24192595482,-0.0824685467826,0.168264895678
816,8.25330591202,-0.0829740688487,0.167498975992
817,8.26389098167,-0.0815456016245,0.164473623037
818,8.27421307564,-0.0832758318983,0.165325000882
819,8.28364396095,-0.0826312252402,0.163385853171
820,8.293653965,-0.0830469501419,0.16266861558
821,8.30371999741,-0.0834285258195,0.161901190877
822,8.31389808655,-0.0831638020634,0.160321578383
823,8.32146811485,-0.082253086423,0.158257350326
824,8.33167600632,-0.0826733656939,0.157511129975
825,8.34189891815,-0.082990695462,0.156633064151
826,8.352175951,-0.0832943456157,0.15572886169
827,8.36239504814,-0.0836464126793,0.154890179634
828,8.37273693085,-0.085355948999,0.155735746026
829,8.38322806358,-0.0856628744147,0.154806375504
830,8.39431405067,-0.085994154831,0.153830185533
831,8.40554308891,-0.0858120178356,0.152184531093
832,8.41268897057,-0.0865266060009,0.152184531093
833,8.4227180481,-0.0861175594275,0.150394156575
834,8.43294405937,-0.0864934496511,0.149570539594
835,8.44320392609,-0.0849146442184,0.146229058504
836,8.45346093178,-0.085217308961,0.145294308662
837,8.46383500099,-0.0866110773134,0.145755425096
838,8.47455406189,-0.0869854566543,0.144852101803
839,8.48573207855,-0.0874777062924,0.144039332867
840,8.49653196335,-0.0870585919351,0.142080947757
841,8.50666093826,-0.0880714894265,0.142080947757
842,8.51372909546,-0.085513837749,0.13776025176
843,8.52390193939,-0.085787333887,0.136764138937
844,8.53415608406,-0.0879781744717,0.138322919607
845,8.54438591003,-0.088211159035,0.137267500162
846,8.55477595329,-0.0868339158455,0.134006544948
847,8.56489610672,-0.0863782176384,0.131999582052
848,8.57538509369,-0.0866738130947,0.130961209536
849,8.58624196053,-0.0871342844306,0.130094900727
850,8.59754896164,-0.0885807715053,0.130532979965
851,8.60850906372,-0.0890581939783,0.129673823714
852,8.61483812332,-0.0889442546861,0.128630906343
853,8.62496304512,-0.089517558895,0.12801463902
854,8.63521409035,-0.0894044510425,0.126406788826
855,8.64541912079,-0.0898386858991,0.125572323799
856,8.65565896034,-0.0896565761556,0.12384133786
857,8.66596198082,-0.0899387352393,0.122757405043
858,8.67628312111,-0.0902959139229,0.121772445738
859,8.68580508232,-0.0905242995386,0.120708316565
860,8.69611310959,-0.0896058000472,0.117798805237
861,8.70617890358,-0.0900522000545,0.116949930787
862,8.71607398987,-0.090470378527,0.116077817976
863,8.72629404068,-0.0909450957908,0.115236125886
864,8.73659992218,-0.0913365067422,0.114244952798
865,8.74682211876,-0.0911077898956,0.112277843058
866,8.75716805458,-0.0915554867711,0.111341550946
867,8.76767301559,-0.0921039480299,0.110533349216
868,8.77853798866,-0.0926320343917,0.109626062214
869,8.79010105133,-0.0929786549989,0.108293928206
870,8.79708409309,-0.0935811500913,0.108134932816
871,8.80727791786,-0.0941123542595,0.107320085168
872,8.81750011444,-0.0946236073937,0.106458410621
873,8.82778596878,-0.0952474073004,0.105769068003
874,8.83829402924,-0.0937321166549,0.101239219308
875,8.84835910797,-0.0942987499108,0.100430525839
876,8.85925793648,-0.094976298771,0.099662438035
877,8.87060594559,-0.0957098921323,0.0989051386714
878,8.8781170845,-0.0960821045562,0.0981803461909
879,8.89064788818,-0.096936811701,0.0974075645208
880,8.89824509621,-0.0975017882492,0.0970255509019
881,8.90844106674,-0.0980801070126,0.0961489602923
882,8.91871094704,-0.0979760218859,0.0938239917159
883,8.92905211449,-0.0990559603735,0.0939206033945
884,8.93940091133,-0.0999531355141,0.093629591167
885,8.95003294945,-0.100540019412,0.0926067307591
886,8.96154808998,-0.101269122676,0.0916767120361
887,8.97219491005,-0.100483767669,0.0872747823596
888,8.9820189476,-0.101130606131,0.0864008516073
889,8.99161791801,-0.101730741245,0.0854290574789
890,9.00171208382,-0.102355521786,0.084343239665
891,9.01179909706,-0.103085021906,0.0835191980004
892,9.0226020813,-0.104530407114,0.0845903456211
893,9.02962994576,-0.104983492534,0.0838637724519
894,9.0398619175,-0.105322212051,0.0817212611437
895,9.0500869751,-0.10612196375,0.0809628590941
896,9.06031107903,-0.106927909334,0.0801879912615
897,9.07062602043,-0.108053610718,0.0805302709341
898,9.08114004135,-0.108430254898,0.0778515487909
899,9.09194898605,-0.109375373507,0.0772268921137
900,9.10288190842,-0.110336708267,0.0765774995089
901,9.11332702637,-0.110932611681,0.0738217681646
902,9.12367892265,-0.111899033717,0.0732517465949
903,9.13060498238,-0.112551291706,0.0728778466582
904,9.14084196091,-0.113559000408,0.0727188885212
905,9.15102601051,-0.11444289993,0.0708298683167
906,9.16122603416,-0.115449888132,0.0704851448536
907,9.1715900898,-0.116472388606,0.0698706060648
908,9.18130707741,-0.117443739908,0.0698423683643
909,9.19148612022,-0.118459772021,0.0696096792817
910,9.20171499252,-0.119482547814,0.0693838968873
911,9.21203112602,-0.120516542681,0.0690919309855
912,9.22229599953,-0.121572691566,0.0708932429552
913,9.23275589943,-0.122609655095,0.07067681849
914,9.24374699593,-0.123698870067,0.0703839957714
915,9.25445008278,-0.124763036743,0.0701417773962
916,9.26473689079,-0.125884173681,0.0670881047845
917,9.27235198021,-0.126679938507,0.0667170956731
918,9.28257608414,-0.127748241701,0.0662917345762
919,9.29279303551,-0.12880469613,0.0660069957376
920,9.30302405357,-0.129868111975,0.065706178546
921,9.31371808052,-0.130953731011,0.0655924528837
922,9.32288694382,-0.131915028146,0.0652986317873
923,9.33544206619,-0.132929873701,0.0674012154341
924,9.34552407265,-0.133960848176,0.0671122223139
925,9.3559820652,-0.135210184982,0.0653910040855
926,9.36561393738,-0.136245574409,0.0649478361011
927,9.37574410439,-0.137330100045,0.0645531117916
928,9.38588404655,-0.138443899601,0.0640568584204
929,9.3959031105,-0.139544357638,0.0636144429445
930,9.4065580368,-0.140692676146,0.0632713139057
931,9.41375899315,-0.141678923196,0.0622993074358
932,9.42399096489,-0.142560929889,0.0627932846546
933,9.43415307999,-0.143773604181,0.0621170476079
934,9.44427394867,-0.144952925449,0.0615974664688
935,9.45467495918,-0.146926365688,0.0592798441648
936,9.46459102631,-0.147632661195,0.0599090568721
937,9.47479510307,-0.150349866782,0.0567609928548
938,9.4849998951,-0.150884305265,0.0575409531593
939,9.4952070713,-0.152190200782,0.057074341923
940,9.50553297997,-0.15319690417,0.0571156106889
941,9.51593399048,-0.154564943584,0.0566075257957
942,9.52681589127,-0.156007943936,0.0560906082392
943,9.53810310364,-0.1576017655,0.0554574243724
944,9.54777002335,-0.160686573587,0.0530407093465
945,9.55540299416,-0.162099945377,0.052412558347
946,9.56567502022,-0.16440941597,0.0512868463993
947,9.57585906982,-0.165500349534,0.0512270964682
948,9.5861120224,-0.165798524017,0.0518443360925
949,9.59658908844,-0.170099099296,0.0493555553257
950,9.60670495033,-0.172296023273,0.0485927537084
951,9.6173210144,-0.174379306218,0.0479825399816
952,9.62871789932,-0.176868516662,0.0472344458103
953,9.63924098015,-0.179136482012,0.0466098338366
954,9.64646601677,-0.185583483022,0.0441496632993
955,9.65671396255,-0.181374883366,0.0463693737984
956,9.66680002213,-0.190649231814,0.0430885963142
957,9.67687511444,-0.193266508647,0.0425773561001
958,9.69036102295,-0.201139949038,0.0407968610525
959,9.69736099243,-0.199510736865,0.0413847528398
960,9.70719099045,-0.20533144926,0.0402137339115
961,9.71739912033,-0.210940125469,0.0392617285252
962,9.72767496109,-0.214738032781,0.0387481860816
963,9.73806595802,-0.220133902894,0.0380191393197
964,9.74821996689,-0.223609270503,0.0376446805894
965,9.75880599022,-0.225406583096,0.037536971271
966,9.77035212517,-0.229194922048,0.0371695011854
967,9.7781329155,-0.234666018832,0.0365728549659
968,9.78824901581,0,0.0358452908695
969,9.79789400101,0,0.035282894969
970,9.8079791069,0,0.0353085771203
971,9.81813693047,-0.225847965104,0.0383916720748
972,9.82971096039,-0.226525992162,0.038472622633
973,9.838793993,0,0.0356070064008
974,9.84850811958,0,0.0356901325285
975,9.85862398148,-0.23020392809,0.0383403599262
976,9.86957812309,-0.229779337623,0.0385986194015
977,9.88011789322,-0.237450872366,0.0375495329499
978,9.89052891731,-0.237712337976,0.0376635342836
979,9.90296411514,-0.229746375414,0.0392136760056
980,9.91191792488,-0.229341897693,0.0394678004086
981,9.92263102531,-0.246625645936,0.0368806943297
982,9.92974901199,-0.24664686911,0.0369695052505
983,9.93997097015,-0.22608643796,0.0408003777266
984,9.95023608208,-0.22969355423,0.0402009040117
985,9.96051311493,-0.225796090538,0.0413926057518
986,9.97073912621,-0.227127116546,0.0413118898869
987,9.98115205765,-0.235309829758,0.0396611578763
988,9.99170207977,-0.23403386485,0.0401579290628
989,10.0029850006,-0.233927166055,0.0404366292059
990,10.0137031078,-0.228248216159,0.0421878360212
991,10.0228660107,-0.228387732041,0.0424184203148
992,10.0308499336,-0.228909951378,0.0425020828843
993,10.0410780907,-0.23007154024,0.0424599312246
994,10.0512559414,-0.231213586026,0.0424223802984
995,10.0614609718,-0.232745922344,0.0422695949674
996,10.0717151165,-0.235603892415,0.0417462512851
997,10.0820441246,-0.237948398733,0.041392814368
998,10.0924990177,-0.240660930083,0.0409667864442
999,10.1050150394,-0.245868830785,0.0400474406779
1000,10.1149189472,-0.249456879175,0.0395048186183
1001,10.1241650581,-0.254104111207,0.0387987345457
1002,10.1343109608,-0.250435898739,0.0397002585232
1003,10.144493103,0,0.0359170697629
1004,10.151884079,0,0.0351793430746
1005,10.1619780064,0,0.0353788584471
1006,10.172107935,0,0.0354291349649
1007,10.1820399761,0,0.0348338633776
1008,10.1922080517,-0.264579656906,0.0381735861301
1009,10.202933073,0,0.0351145491004
1010,10.2125079632,-0.276484342772,0.03677085042
1011,10.2233710289,-0.276508073436,0.0369051769376
1012,10.2337930202,-0.259027155203,0.0399866737425
1013,10.244353056,-0.258602957583,0.0403136089444
1014,10.2560451031,-0.258348378265,0.0406434088945
1015,10.2658090591,-0.258497009441,0.0408425107598
1016,10.2759380341,-0.265448445142,0.0395269840956
1017,10.286041975,-0.265668505756,0.0396879762411
1018,10.2962610722,-0.259772155316,0.0412877649069
1019,10.3067340851,-0.265608535779,0.0401421412826
1020,10.3140881062,-0.260563655244,0.0415494963527
1021,10.3241500854,-0.261584978586,0.041545432061
1022,10.3342559338,-0.267998104432,0.0402226224542
1023,10.3443870544,-0.264316022372,0.0413578115404
1024,10.3547110558,-0.266152895783,0.0411500893533
1025,10.3645980358,-0.268591052635,0.0407902225852
1026,10.374737978,-0.270741054359,0.0405203551054
1027,10.384978056,-0.27305024967,0.0402271039784
1028,10.3952651024,-0.276259026224,0.0397567525506
1029,10.4054510593,-0.301410754906,0.0361144691706
1030,10.4158070087,-0.29539435047,0.0369511581957
1031,10.4264941216,0,0.0352718420327
1032,10.4351110458,0,0.03527617082
1033,10.4452040195,0,0.0354455374181
1034,10.4553120136,-0.296458610678,0.0373383052647
1035,10.4681389332,-0.297437693541,0.0373807288706
1036,10.4782309532,-0.298819864492,0.0373286604881
1037,10.4890589714,0,0.0354082249105
1038,10.4957361221,0,0.0354082249105
1039,10.5058751106,0,0.0354056544602
1040,10.5159459114,0,0.0357317999005
1041,10.5260939598,-0.305719123799,0.0370429642498
1042,10.5394449234,-0.306185053392,0.0371586121619
1043,10.5496530533,0,0.0354446768761
1044,10.5563349724,-0.310448762306,0.0368233025074
1045,10.5691180229,0,0.0356312394142
1046,10.576556921,0,0.035517886281
1047,10.5866980553,0,0.0357604548335
1048,10.5967509747,0,0.035402584821
1049,10.6068630219,0,0.0352130569518
1050,10.6169829369,0,0.0352008081973
1051,10.6270959377,0,0.0347628034651
1052,10.6372129917,-0.32151924272,0.0364608578384
1053,10.650067091,0,0.0350649394095
1054,10.6574230194,0,0.0345106124878
1055,10.6675269604,0,0.0340477451682
1056,10.6776280403,-0.321310910922,0.0369855985045
1057,10.688131094,-0.305980283084,0.0396667979658
1058,10.6982939243,-0.30564293533,0.0399510376155
1059,10.7085371017,-0.305980315496,0.0401000231504
1060,10.7188360691,-0.306022504546,0.0403201170266
1061,10.7286720276,-0.317359943221,0.0383152700961
1062,10.7388939857,-0.315588115429,0.0387967415154
1063,10.7491309643,-0.316827504251,0.0387581810355
1064,10.759321928,-0.327526486069,0.037246286869
1065,10.7696530819,-0.330692421367,0.0369623564184
1066,10.7804501057,0,0.0357921756804
1067,10.7889759541,0,0.035297550261
1068,10.7991230488,0,0.0345563106239
1069,10.8092489243,0,0.0349870175123
1070,10.8193590641,0,0.034960757941
1071,10.8297729492,0,0.0353244170547
1072,10.8398549557,-0.333145591773,0.0375900566578
1073,10.8527269363,0,0.0315716862679
1074,10.8600749969,-0.342304710716,0.0366398952901
1075,10.8735499382,0,0.0353030115366
1076,10.8802731037,0,0.0348792374134
1077,10.8903748989,0,0.0351804681122
1078,10.9005539417,0,0.0344620123506
1079,10.910654068,0,0.0352546162903
1080,10.9206969738,0,0.0352182164788
1081,10.9308030605,-0.349121433646,0.0366711094975
1082,10.9436409473,-0.349021797888,0.0368432030082
1083,10.9536859989,0,0.0351027846336
1084,10.9611420631,-0.343487015286,0.0378569439054
1085,10.9738390446,0,0.0350305736065
1086,10.9813129902,0,0.0353155173361
1087,10.9914979935,0,0.0353240706027
1088,11.0016100407,0,0.0352505818009
1089,11.0117220879,0,0.0350546911359
1090,11.0218529701,0,0.0346096903086
1091,11.0319769382,0,0.0347351841629
1092,11.0421071053,0,0.0346644632518
1093,11.0522360802,0,0.0348184779286
1094,11.0624039173,0,0.0349445790052
1095,11.0725641251,0,0.0351302102208
1096,11.0826880932,0,0.0352610498667
1097,11.0927360058,0,0.035433165729
1098,11.1029400826,0,0.0354705192149
1099,11.1130330563,-0.35861787295,0.037865858525
1100,11.1258430481,0,0.0354886986315
1101,11.133204937,0,0.0355828180909
1102,11.1432731152,0,0.0354247912765
1103,11.1533710957,0,0.0355078317225
1104,11.1635279655,0,0.0346565842628
1105,11.1735920906,0,0.0355488806963
1106,11.1836299896,0,0.0354483015835
1107,11.1937110424,0,0.035488024354
1108,11.2038319111,0,0.0356195494533
1109,11.213958025,-0.375027559087,0.0369747243822
1110,11.2251169682,-0.375732614474,0.0370283536613
1111,11.2345890999,-0.376494930258,0.0370526723564
1112,11.2447769642,-0.378611433132,0.0369099490345
1113,11.2550499439,-0.385290888573,0.0362335033715
1114,11.2650980949,0,0.034947309643
1115,11.2746050358,0,0.0347635373473
1116,11.2847149372,0,0.0346698351204
1117,11.294878006,0,0.0347642675042
1118,11.3050620556,0,0.0346802547574
1119,11.3151791096,-0.389077091188,0.036488905549
1120,11.3280200958,0,0.0346847511828
1121,11.3354189396,-0.391414232005,0.036452151835
1122,11.3494939804,0,0.0346757993102
1123,11.3555970192,0,0.0348116979003
1124,11.3657140732,0,0.0348082706332
1125,11.3758759499,0,0.0348293967545
1126,11.3859210014,0,0.0348241850734
1127,11.3960359097,-0.38555438285,0.0380786955357
1128,11.4088280201,-0.386200280601,0.0381802767515
1129,11.4190831184,-0.386677215522,0.0382697209716
1130,11.4290459156,-0.388019257086,0.038213185966
1131,11.4401350021,0,0.0350561104715
1132,11.4465420246,0,0.0349572747946
1133,11.4566969872,0,0.0347822755575
1134,11.4667711258,0,0.0346849411726
1135,11.4768791199,0,0.03475574404
1136,11.4870319366,0,0.0347024649382
1137,11.4971010685,-0.400416316839,0.0373691804707
1138,11.5099999905,0,0.0346870757639
1139,11.5173809528,0,0.0346726626158
1140,11.5274400711,0,0.034723315388
1141,11.5375800133,0,0.0347049161792
1142,11.5476529598,0,0.0347829200327
1143,11.5577719212,0,0.0347597151995
1144,11.5678739548,0,0.034861728549
1145,11.5780088902,0,0.0347881913185
1146,11.5880949497,0,0.0346374288201
1147,11.5981850624,0,0.0347244888544
1148,11.6082849503,0,0.0345589444041
1149,11.6184279919,0,0.0346652492881
1150,11.6285350323,0,0.034763943404
1151,11.6386919022,0,0.0345940627158
1152,11.6487801075,0,0.0345788821578
1153,11.6588540077,0,0.0346821285784
1154,11.6689589024,0,0.034771092236
1155,11.6791141033,0,0.0348031744361
1156,11.6889960766,0,0.0348910354078
1157,11.6990549564,0,0.0349435731769
1158,11.7092349529,0,0.0348990596831
1159,11.7193489075,0,0.0347457714379
1160,11.7294430733,0,0.034723713994
1161,11.7395880222,0,0.0349633693695
1162,11.7497138977,0,0.0351541414857
1163,11.7598869801,-0.432703817021,0.0365893766284
1164,11.7741420269,-0.433045388092,0.0367214903235
1165,11.780395031,-0.432293932974,0.0368944965303
1166,11.7905879021,-0.433112277462,0.0369202494621
1167,11.8008480072,-0.433291724424,0.0370301902294
1168,11.8111429214,-0.433811195194,0.0370975732803
1169,11.8211269379,-0.434859465914,0.0370909459889
1170,11.8310930729,-0.436617042553,0.0369908548892
1171,11.8412659168,-0.438380118202,0.0368946120143
1172,11.8514950275,-0.441589221744,0.0366226099432
1173,11.8617780209,0,0.0346823632717
1174,11.8710598946,0,0.0347981341183
1175,11.8811869621,0,0.0347091183066
1176,11.8913669586,0,0.0346136204898
1177,11.9015629292,0,0.0345860309899
1178,11.9116210938,0,0.0347441248596
1179,11.9217290878,0,0.034664388746
1180,11.9318919182,0,0.0346607938409
1181,11.9419529438,0,0.0346319340169
1182,11.9520440102,0,0.0347997955978
1183,11.9622020721,0,0.034785374999
1184,11.9722919464,0,0.0347368344665
1185,11.9824020863,0,0.0345954708755
1186,11.9926280975,0,0.0347285978496
1187,12.0026550293,0,0.0347229130566
1188,12.0127010345,0,0.0346141904593
1189,12.0228149891,0,0.0347772911191
1190,12.0328800678,0,0.0346108041704
1191,12.0429580212,0,0.034581463784
1192,12.0530619621,0,0.0347660817206
1193,12.0633358955,0,0.0347099490464
1194,12.073456049,0,0.0346481502056
1195,12.0835161209,0,0.0346179977059
1196,12.0936319828,0,0.0346446111798
1197,12.1037180424,0,0.0345200523734
1198,12.113779068,0,0.0348402522504
1199,12.1239049435,-0.468637669822,0.0366459786892
1200,12.1367430687,0,0.0349834151566
1201,12.14406991,0,0.0348167195916
1202,12.1542379856,0,0.034656137228
1203,12.1642830372,-0.463779952048,0.0378601811826
1204,12.1772279739,-0.464717476408,0.0379150733352
1205,12.1848130226,0,0.0345993489027
1206,12.1945719719,0,0.0346967019141
1207,12.2049999237,0,0.0345502868295
1208,12.2150809765,-0.468984424911,0.0378411337733
1209,12.2278931141,-0.46981066453,0.0379109531641
1210,12.2384901047,0,0.0349946841598
1211,12.24533391,-0.481543936872,0.0365539751947
1212,12.2582070827,0,0.0348458923399
1213,12.2655630112,-0.484045943164,0.036497104913
1214,12.2782840729,0,0.0349992290139
1215,12.285793066,0,0.0349368713796
1216,12.2958710194,0,0.0348285660148
1217,12.3059780598,0,0.0349917560816
1218,12.3161230087,0,0.0348021946847
1219,12.3261830807,0,0.0349133722484
1220,12.3362820148,0,0.034953430295
1221,12.3469150066,0,0.034863203764
1222,12.3565199375,0,0.034907374531
1223,12.36657691,0,0.0348311327398
1224,12.3766889572,0,0.0348535217345
1225,12.3868229389,0,0.0349423363805
1226,12.3968789577,0,0.0348173640668
1227,12.4069700241,0,0.0348273441195
1228,12.4171180725,0,0.0349641814828
1229,12.4271860123,0,0.0350408814847
1230,12.4372889996,0,0.0351078771055
1231,12.4474029541,-0.49919753652,0.036868635565
1232,12.4601659775,0,0.0351090058684
1233,12.4675729275,0,0.0348845049739
1234,12.4776990414,0,0.0347642190754
1235,12.4878070354,0,0.0346721000969
1236,12.4978411198,0,0.0349933467805
1237,12.5079948902,0,0.0347993858159
1238,12.5180540085,0,0.0347625091672
1239,12.5281410217,0,0.0347519144416
1240,12.5382809639,0,0.0348545238376
1241,12.5483460426,0,0.034696161747
1242,12.558423996,0,0.034844212234
1243,12.5685489178,0,0.0348303616047
1244,12.5786449909,0,0.034649733454
1245,12.588711977,0,0.0349574908614
1246,12.5988121033,0,0.0349561162293
1247,12.6089110374,0,0.034920156002
1248,12.6189749241,0,0.0348691642284
1249,12.6290979385,0,0.03472937271
1250,12.6392700672,0,0.0348623581231
1251,12.6493110657,0,0.0348315685987
1252,12.6593790054,0,0.0347056798637
1253,12.6695380211,0,0.0348139517009
1254,12.6800401211,0,0.0349605344236
1255,12.6899518967,0,0.0349225625396
1256,12.700083971,0,0.0349061861634
1257,12.7102069855,0,0.0349304638803
1258,12.7203531265,0,0.034904435277
1259,12.7304821014,0,0.0349603630602
1260,12.740489006,0,0.035210609436
1261,12.7506070137,0,0.0352197252214
1262,12.7607550621,0,0.0353450849652
1263,12.7709109783,0,0.0352916233242
1264,12.7809379101,0,0.0348340719938
1265,12.7910330296,0,0.0346528738737
1266,12.8012330532,0,0.0348557159305
1267,12.8112370968,0,0.0351590812206
1268,12.8214850426,0,0.0352127887309
1269,12.8316369057,0,0.0350923985243
1270,12.8416919708,0,0.035066395998
1271,12.851788044,0,0.0349990464747
1272,12.8619349003,0,0.0350608825684
1273,12.8719930649,0,0.0350612327456
1274,12.8820769787,0,0.0349278151989
1275,12.8922281265,0,0.0349346771836
1276,12.9023010731,0,0.0349390245974
1277,12.9124040604,0,0.0351229943335
1278,12.9225111008,0,0.0351599119604
1279,12.9326269627,0,0.0351780951023
1280,12.9426629543,0,0.0351259633899
1281,12.9527649879,0,0.0349597111344
1282,12.9632871151,0,0.0351234450936
1283,12.9729430676,0,0.0350716896355
1284,12.9830479622,0,0.0348841659725
1285,12.9931759834,0,0.0349842384458
1286,13.0032510757,0,0.0349671505392
1287,13.0133469105,0,0.0349392481148
1288,13.0234510899,0,0.0349798202515
1289,13.0335419178,0,0.0351469442248
1290,13.0436310768,0,0.0351939201355
1291,13.0537779331,0,0.0352235101163
1292,13.0638520718,0,0.0349828526378
1293,13.0739269257,0,0.0348109677434
1294,13.0840690136,0,0.0349012091756
1295,13.0941300392,0,0.0350641235709
1296,13.1040670872,0,0.0351937562227
1297,13.114151001,0,0.035013884306
1298,13.1241829395,0,0.0347673669457
1299,13.1343090534,0,0.0350054912269
1300,13.1444671154,0,0.03504890576
1301,13.1545360088,0,0.0349584408104
1302,13.1646249294,0,0.0348301194608
1303,13.1747889519,0,0.0345355570316
1304,13.1847319603,0,0.0348412543535
1305,13.1948759556,0,0.0348646268249
1306,13.2050271034,0,0.0349007211626
1307,13.2152159214,0,0.0350129269063
1308,13.2253110409,0,0.0349654741585
1309,13.2354249954,0,0.0348304510117
1310,13.2456130981,0,0.0348609611392
1311,13.255687952,0,0.0347555167973
1312,13.265818119,0,0.034904897213
1313,13.275965929,0,0.0350465141237
1314,13.2860679626,0,0.0349082089961
1315,13.2963991165,0,0.0349775031209
1316,13.3065319061,0,0.034976683557
1317,13.3166360855,0,0.0348759330809
1318,13.3266789913,0,0.0348908640444
1319,13.3367640972,0,0.0349691435695
1320,13.3469190598,0,0.0348163843155
1321,13.3569741249,0,0.0349951721728
1322,13.3670670986,0,0.0349881909788
1323,13.3771901131,0,0.0349848270416
1324,13.3872458935,0,0.034947834909
1325,13.3973710537,0,0.0348715260625
1326,13.4075040817,0,0.0347980111837
1327,13.4175739288,0,0.0348260849714
1328,13.4276669025,0,0.0348037332296
1329,13.4378840923,0,0.0349258296192
1330,13.4478969574,0,0.0348577462137
1331,13.4579689503,0,0.0348038747907
1332,13.4681169987,-0.605431291603,0.0363655686378
1333,13.4821579456,-0.607755797988,0.0362610407174
1334,13.4910099506,-0.606775213841,0.0364753715694
1335,13.5011839867,-0.61014076147,0.0362071730196
1336,13.5112030506,0,0.0348680093884
1337,13.5186040401,-0.613462622589,0.0360349938273
1338,13.5318140984,0,0.0350188985467
1339,13.5387070179,0,0.0347015112638
1340,13.5486600399,0,0.0346441008151
1341,13.5587460995,0,0.0347665436566
1342,13.5689029694,0,0.0347484983504
1343,13.5789968967,0,0.0346095710993
1344,13.5891170502,0,0.0347086191177
1345,13.5992939472,0,0.0346310921013
1346,13.6094260216,0,0.0346833877265
1347,13.619519949,0,0.0346500724554
1348,13.6297740936,0,0.0346723310649
1349,13.6397681236,0,0.0346154496074
1350,13.6498160362,0,0.0346784926951
1351,13.6599600315,0,0.0347819328308
1352,13.6700201035,0,0.0346472486854
1353,13.6801199913,0,0.0346882157028
1354,13.6900429726,0,0.0347938798368
1355,13.7001481056,0,0.0348284393549
1356,13.7102499008,0,0.0348228961229
1357,13.7204139233,0,0.0345411896706
1358,13.7305440903,0,0.0347412116826
1359,13.7406129837,0,0.0347693525255
1360,13.7507560253,0,0.0347366444767
1361,13.7609539032,0,0.0347841754556
1362,13.7713809013,0,0.0346827022731
1363,13.7814159393,0,0.0348011925817
1364,13.7915370464,0,0.0346963815391
1365,13.8016169071,0,0.0344817079604
1366,13.8117399216,0,0.0348227545619
1367,13.8218209743,0,0.0346075817943
1368,13.8319180012,0,0.0346400886774
1369,13.8419790268,0,0.0346737280488
1370,13.8521199226,0,0.0348443090916
1371,13.8621840477,0,0.0348131544888
1372,13.8722989559,0,0.0347623117268
1373,13.8824160099,0,0.0348247550428
1374,13.8925380707,0,0.0348670221865
1375,13.9026219845,0,0.0347846075892
1376,13.912749052,0,0.0348807834089
1377,13.9228630066,0,0.0348896756768
1378,13.9328629971,0,0.0348645821214
1379,13.9429569244,0,0.0348003394902
1380,13.9531490803,0,0.034796603024
1381,13.9631359577,0,0.0349410027266
1382,13.9732398987,0,0.0348084121943
1383,13.9833099842,0,0.0347641892731
1384,13.9933650494,0,0.0347789265215
1385,14.0035350323,0,0.0348551571369
1386,14.0136430264,0,0.0349177420139
1387,14.0237441063,0,0.0348466932774
1388,14.0338609219,0,0.0347986668348
1389,14.0440030098,0,0.0348200835288
1390,14.0541989803,0,0.0347756110132
1391,14.0642781258,0,0.0350204333663
1392,14.0743699074,0,0.0351051986217
1393,14.0845010281,0,0.0350258760154
1394,14.0945611,0,0.0349544733763
1395,14.104765892,0,0.0349365249276
1396,14.1148679256,0,0.0348850525916
1397,14.1249089241,0,0.0348620600998
1398,14.1349999905,0,0.0349502824247
1399,14.1451361179,0,0.0348650738597
1400,14.1551859379,0,0.0349680483341
1401,14.1652750969,0,0.0349067151546
1402,14.1753790379,0,0.0348804779351
1403,14.1852970123,0,0.0348484478891
1404,14.1954739094,0,0.0348058603704
1405,14.205575943,0,0.0349128693342
1406,14.2157180309,0,0.0348756201565
1407,14.2258360386,0,0.0349051505327
1408,14.2360060215,0,0.0348906479776
1409,14.2460730076,0,0.0348706543446
1410,14.2561609745,0,0.034967828542
1411,14.2663719654,0,0.0349694266915
1412,14.276446104,0,0.034903742373
1413,14.2865140438,0,0.0348354429007
1414,14.2966299057,0,0.0349149554968
1415,14.3067550659,0,0.0348076894879
1416,14.3167729378,0,0.0349550656974
1417,14.3268630505,0,0.0349868685007
1418,14.3370149136,0,0.0349908322096
1419,14.3470590115,0,0.0348212011158
1420,14.3571469784,0,0.0347156263888
1421,14.3672831059,0,0.0348152555525
1422,14.3773579597,0,0.0349723286927
1423,14.3874499798,-0.696452493157,0.0364714637399
1424,14.4003949165,0,0.0348860286176
1425,14.4077489376,-0.689190380062,0.0376996956766
1426,14.4204831123,0,0.0349020063877
1427,14.4279251099,0,0.0347618274391
1428,14.4380218983,0,0.0346671305597
1429,14.4480619431,0,0.0346890464425
1430,14.4581770897,-0.704176535977,0.0363956056535
1431,14.4712340832,0,0.0347724892199
1432,14.4783968925,0,0.0346808508039
1433,14.4884989262,0,0.0346938669682
1434,14.4986889362,-0.697916476209,0.0377546772361
1435,14.5114319324,0,0.0344199128449
1436,14.5187749863,0,0.0346998237073
1437,14.5289170742,0,0.0347295999527
1438,14.5389308929,0,0.034769937396
1439,14.5490179062,0,0.034841299057
1440,14.5591540337,0,0.0347317121923
1441,14.5692169666,0,0.0344969145954
1442,14.5793120861,0,0.0346555709839
1443,14.5894300938,0,0.0345429889858
1444,14.5995049477,0,0.0346430726349
1445,14.609596014,0,0.0346154943109
1446,14.6197509766,0,0.0345763005316
1447,14.6298220158,0,0.034564062953
1448,14.6398849487,0,0.0346092768013
1449,14.6500170231,0,0.0346093140543
1450,14.6601059437,0,0.0346940308809
1451,14.6701951027,0,0.0346025601029
1452,14.6802740097,0,0.0346383191645
1453,14.6902189255,0,0.0345358066261
1454,14.7006380558,0,0.0345339030027
1455,14.7105829716,-0.719366220662,0.0377157144248
1456,14.7238240242,0,0.0345075763762
1457,14.7305979729,0,0.0343463122845
1458,14.7406470776,0,0.0340249948204
1459,14.7508330345,0,0.0340414568782
1460,14.7608599663,0,0.0359666831791
1461,14.7709169388,-0.735289476408,0.0364142507315
1462,14.78166008,0,0.0346143357456
1463,14.7912158966,0,0.0348010770977
1464,14.8013041019,0,0.0345860794187
1465,14.8114590645,-0.729806462143,0.0376633703709
1466,14.8228199482,0,0.0339246541262
1467,14.8316380978,-0.732379881589,0.0375819019973
1468,14.8449189663,0,0.0341072753072
1469,14.8518741131,0,0.0343434810638
1470,14.86196208,0,0.0342244170606
1471,14.8720479012,-0.735383025355,0.0377350896597
1472,14.8850400448,0,0.0338835194707
1473,14.8922529221,0,0.0345016047359
1474,14.9024860859,0,0.0345161557198
1475,14.9126729965,0,0.034541040659
1476,14.9226350784,0,0.0339688397944
1477,14.9326639175,0,0.0338558591902
1478,14.9427959919,0,0.0338938347995
1479,14.9528489113,0,0.0340237915516
1480,14.9629449844,0,0.0339341759682
1481,14.9730370045,0,0.0345756411552
1482,14.9831058979,0,0.0345907695591
1483,14.9931828976,0,0.0344989039004
1484,15.0033330917,0,0.0341419391334
1485,15.013365984,0,0.0339842699468
1486,15.0235030651,0,0.0339710786939
1487,15.0335409641,0,0.0340982377529
1488,15.0436649323,0,0.0340646319091
1489,15.0537400246,0,0.0351901985705
1490,15.0638320446,0,0.0342811457813
1491,15.0739340782,0,0.0342590510845
1492,15.0839860439,0,0.0343777239323
1493,15.0940749645,0,0.0340868011117
1494,15.1043429375,0,0.0345732718706
1495,15.1143870354,0,0.0346112176776
1496,15.1244280338,-0.760841584643,0.0377021804452
1497,15.137556076,0,0.0346143245697
1498,15.1446061134,0,0.0344409234822
1499,15.1546809673,0,0.0344784520566
1500,15.16477108,0,0.0340949185193
1501,15.174834013,0,0.0343792177737
1502,15.1847450733,0,0.034481793642
1503,15.194963932,0,0.0346530042589
1504,15.205094099,0,0.0345483347774
1505,15.2151379585,0,0.0345059670508
1506,15.2253160477,0,0.0344012379646
1507,15.2353930473,0,0.0344181321561
1508,15.2454628944,0,0.0344353504479
1509,15.2555611134,0,0.0344516225159
1510,15.265693903,0,0.0344603136182
1511,15.2757840157,0,0.0345881991088
1512,15.2858920097,0,0.0344892144203
1513,15.2961659431,0,0.0344939082861
1514,15.3061099052,0,0.0344884879887
1515,15.3161940575,0,0.0340719111264
1516,15.3263299465,0,0.0343998000026
1517,15.3364291191,0,0.0340974293649
1518,15.3466010094,0,0.0341469496489
1519,15.356730938,0,0.0345272831619
1520,15.3668160439,0,0.034491609782
1521,15.3769190311,0,0.0344581753016
1522,15.3870561123,0,0.0343374498188
1523,15.3971340656,0,0.0343729704618
1524,15.4072320461,0,0.0342775583267
1525,15.4173419476,0,0.0343345701694
1526,15.427448988,0,0.034442897886
1527,15.4375998974,0,0.0345344543457
1528,15.4478080273,0,0.034613147378
1529,15.4577660561,0,0.0346156954765
1530,15.4678521156,0,0.0344401709735
1531,15.4779510498,0,0.0345535203815
1532,15.4881520271,0,0.0344589427114
1533,15.4982309341,0,0.0344270914793
1534,15.5081789494,-0.799031144709,0.0377298519015
1535,15.5189189911,0,0.0346084758639
1536,15.5285100937,0,0.0343952514231
1537,15.538629055,0,0.0344965606928
1538,15.5486879349,0,0.0345148444176
1539,15.5587489605,0,0.034412369132
1540,15.5688960552,0,0.0346008911729
1541,15.5790710449,0,0.0344064123929
1542,15.5891740322,0,0.0345951579511
1543,15.5992860794,0,0.0344749093056
1544,15.6094350815,0,0.0345836468041
1545,15.6195960045,0,0.0345524661243
1546,15.6297819614,0,0.03455093503
1547,15.6398808956,0,0.034515414387
1548,15.65001297,0,0.0344711206853
1549,15.660089016,0,0.0346112176776
1550,15.6701939106,0,0.0345680490136
1551,15.6803660393,0,0.0345870144665
1552,15.6902899742,0,0.0345348194242
1553,15.7005300522,0,0.0343497022986
1554,15.71073699,0,0.0344582162797
1555,15.7207279205,0,0.034479174763
1556,15.7308740616,0,0.034480445087
1557,15.7409360409,0,0.0344864167273
1558,15.7510170937,0,0.0345331467688
1559,15.7611150742,0,0.0345836728811
1560,15.7715160847,0,0.0344374813139
1561,15.781594038,0,0.034484103322
1562,15.791697979,0,0.0345263108611
1563,15.8018119335,0,0.0344298370183
1564,15.8119180202,0,0.0345254503191
1565,15.8220179081,0,0.0341288670897
1566,15.8321759701,0,0.0343719348311
1567,15.8422451019,0,0.0342439338565
1568,15.8523359299,0,0.0344733819366
1569,15.8625040054,0,0.0346070639789
1570,15.8725919724,0,0.0344149470329
1571,15.8826580048,0,0.0344778299332
1572,15.8927590847,0,0.0346119739115
1573,15.9029068947,0,0.0344525799155
1574,15.9127810001,0,0.0345286764205
1575,15.922935009,0,0.0346020758152
1576,15.9331080914,0,0.0345330946147
1577,15.9431700706,0,0.0344238653779
1578,15.9532880783,0,0.0346063971519
1579,15.96342206,0,0.0344582423568
1580,15.9735779762,0,0.0345483720303
1581,15.9837129116,0,0.0345317982137
1582,15.9938399792,0,0.0347244255245
1583,16.0039570332,0,0.0345609895885
1584,16.0140419006,0,0.03470409289
1585,16.0241401196,0,0.0346927605569
1586,16.0342919827,0,0.0346634462476
1587,16.0443680286,0,0.0344539396465
1588,16.0545089245,0,0.0344291739166
1589,16.0645949841,0,0.0344850197434
1590,16.0746610165,-0.855113511724,0.0378151014447
1591,16.0874810219,0,0.0344747565687
1592,16.0949180126,0,0.0338594987988
1593,16.1050159931,0,0.0340841896832
1594,16.1149439812,0,0.0343518443406
1595,16.1250860691,0,0.0345649272203
1596,16.135201931,0,0.0345035344362
1597,16.1453540325,0,0.0342746935785
1598,16.1555120945,0,0.0341440327466
1599,16.1656520367,0,0.0341651029885
1600,16.1758260727,0,0.0342127308249
1601,16.1857640743,0,0.0344490855932
1602,16.1958789825,0,0.034406684339
1603,16.2060010433,0,0.0344663597643
1604,16.2161519527,0,0.0343427620828
1605,16.2262639999,0,0.0343102142215
1606,16.2363810539,0,0.0345255248249
1607,16.2465219498,0,0.0346902050078
1608,16.2567141056,0,0.0346556529403
1609,16.2668020725,0,0.0344833433628
1610,16.2769010067,0,0.03441324085
1611,16.287115097,0,0.0344189368188
1612,16.2971220016,0,0.0347144156694
1613,16.3072419167,0,0.0346877500415
1614,16.3173940182,0,0.0345885306597
1615,16.3274579048,0,0.0342718958855
