,T,Vc,X,delta
0,0.0,-0.125283426046,0.997975051403,0
1,0.525918006897,-0.123241209984,0.992875814438,0
2,0.536066055298,-0.122819584608,0.991024553776,0
3,0.546146154404,-0.122008419037,0.988397240639,0
4,0.55619597435,-0.121620577574,0.986610352993,0
5,0.566308021545,-0.120875746012,0.984105288982,0
6,0.576462030411,-0.119186985493,0.979725956917,0
7,0.586480140686,-0.118865722418,0.97806674242,0
8,0.596647024155,-0.11832293272,0.975973367691,0
9,0.606724977493,-0.117820823193,0.973961949348,0
10,0.616796970367,-0.116234838963,0.969742178917,0
11,0.627274990082,-0.115429955721,0.967122614384,0
12,0.637372970581,-0.115148454905,0.965551793575,0
13,0.647451162338,-0.114420038462,0.963077366352,0
14,0.657627105713,-0.114091187716,0.961407959461,0
15,0.667744159698,-0.112373811007,0.956968724728,0
16,0.677788972855,-0.112202090025,0.955611169338,0
17,0.687930107117,-0.111409914494,0.953021526337,0
18,0.697983026505,-0.11088283062,0.950953960419,0
19,0.708117008209,-0.110431277752,0.949030637741,0
20,0.718319177628,-0.109028917551,0.945225417614,0
21,0.728324174881,-0.108841645718,0.94383597374,0
22,0.738473176956,-0.108218789101,0.94158577919,0
23,0.748517990112,-0.107737159729,0.939608812332,0
24,0.758655071259,-0.106696563959,0.936511814594,0
25,0.76881313324,-0.106003975868,0.934118151665,0
26,0.778898000717,-0.105888944864,0.932881891727,0
27,0.788959980011,-0.105536735058,0.93117916584,0
28,0.798943042755,-0.105148762465,0.929392516613,0
29,0.80905008316,-0.103986871243,0.92605984211,0
30,0.819139003754,-0.103622347116,0.924324095249,0
31,0.829205989838,-0.103319114447,0.922702610493,0
32,0.839356184006,-0.102983772755,0.921030044556,0
33,0.849375009537,-0.10241753459,0.918881356716,0
34,0.859537124634,-0.101564848423,0.916165590286,0
35,0.869641065598,-0.101219981909,0.91446274519,0
36,0.879772186279,-0.100930148363,0.912868797779,0
37,0.889914989471,-0.100634765625,0.911270022392,0
38,0.899995088577,-0.100349211693,0.909677505493,0
39,0.910209178925,-0.0992919325829,0.906533360481,0
40,0.920505046844,-0.0990268945694,0.905011773109,0
41,0.930420160294,-0.0987390398979,0.903414964676,0
42,0.940631151199,-0.098445391655,0.901825666428,0
43,0.950651168823,-0.0974360704422,0.898792624474,0
44,0.960795164108,-0.0968370854855,0.896590769291,0
45,0.9708340168,-0.0965223491192,0.894950687885,0
46,0.980940103531,-0.0962718069553,0.893435299397,0
47,0.991083145142,-0.0963287234306,0.89254784584,0
48,1.00109601021,-0.0952891588211,0.889455914497,0
49,1.01122403145,-0.0947752952576,0.887413978577,0
50,1.02136611938,-0.0944993495941,0.885857701302,0
51,1.03140997887,-0.0945785343647,0.884999454021,0
52,1.04157614708,-0.0942871332169,0.883426070213,0
53,1.0514819622,-0.0934356153011,0.880717217922,0
54,1.0615401268,-0.0931600153446,0.879154026508,0
55,1.07166004181,-0.0926858603954,0.877197802067,0
56,1.08173918724,-0.0924870491028,0.875784397125,0
57,1.0918970108,-0.0918866991997,0.873570084572,0
58,1.10203313828,-0.0914601325989,0.871703267097,0
59,1.112169981,-0.091288459301,0.870344519615,0
60,1.12232398987,-0.0914206027985,0.869592905045,0
61,1.13248300552,-0.0912786185741,0.868305027485,0
62,1.14252209663,-0.0902171492577,0.865168094635,0
63,1.1526620388,-0.0903698146343,0.864467918873,0
64,1.16271710396,-0.0902906477451,0.863297998905,0
65,1.17283296585,-0.0898974895477,0.861506581306,0
66,1.18288397789,-0.0900894463062,0.860880196095,0
67,1.19298696518,-0.0890924453735,0.857873678207,0
68,1.2031121254,-0.0890405595303,0.856764614582,0
69,1.21316504478,-0.089335501194,0.856341600418,0
70,1.2232940197,-0.0892964243889,0.855238437653,0
71,1.23354411125,-0.0884041309357,0.852415561676,0
72,1.24392700195,-0.0883937120438,0.851389527321,0
73,1.25397896767,-0.0887582600117,0.851104915142,0
74,1.26411604881,-0.0887101888657,0.850000977516,0
75,1.27419400215,-0.0887934923172,0.849160671234,0
76,1.284263134,-0.0883225500584,0.84720569849,0
77,1.29439401627,-0.0883902907372,0.846333384514,0
78,1.3044719696,-0.0880589544773,0.844659507275,0
79,1.3145840168,-0.0885276556015,0.844584107399,0
80,1.32471203804,-0.0885909259319,0.843712747097,0
81,1.33469104767,-0.0881622612476,0.841853916645,0
82,1.3447060585,-0.0882594406605,0.84103757143,0
83,1.35481309891,-0.0883324325085,0.840167462826,0
84,1.36497402191,-0.0884185194969,0.839327335358,0
85,1.37509703636,-0.0884812772274,0.838442146778,0
86,1.38520407677,-0.0881954967976,0.83686119318,0
87,1.39529800415,-0.0883217513561,0.836104094982,0
88,1.4053940773,-0.0883755981922,0.835204780102,0
89,1.41546416283,-0.0884571194649,0.834352135658,0
90,1.42562103271,-0.0881487488747,0.832728385925,0
91,1.43569111824,-0.0878896296024,0.831193745136,0
92,1.44585514069,-0.0879964232445,0.830399036407,0
93,1.45593810081,-0.0881288051605,0.829657912254,0
94,1.46599698067,-0.0882557988167,0.82889688015,0
95,1.47614717484,-0.0882795333862,0.827937364578,0
96,1.48621702194,-0.0884333491325,0.827235579491,0
97,1.49631118774,-0.0886052131653,0.826564311981,0
98,1.50646114349,-0.0887242674828,0.825798630714,0
99,1.51649904251,-0.0888109862804,0.824960172176,0
100,1.52661800385,-0.0884462118149,0.823218822479,0
101,1.53673601151,-0.088555842638,0.822430074215,0
102,1.54681611061,-0.0887485384941,0.821806073189,0
103,1.55691003799,-0.0884250104427,0.820158421993,0
104,1.56691598892,-0.0884215712547,0.81914794445,0
105,1.57695198059,-0.088566827774,0.81842315197,0
106,1.58710503578,-0.088725155592,0.817725598812,0
107,1.59724712372,-0.0888598144054,0.816987812519,0
108,1.60731816292,-0.088900333643,0.816049158573,0
109,1.61751508713,-0.0885193705559,0.814277529716,0
110,1.62761211395,-0.0886054158211,0.813440322876,0
111,1.63770508766,-0.088724809885,0.812664806843,0
112,1.64784812927,-0.0888340890408,0.811862766743,0
113,1.65805411339,-0.0888900399208,0.810963869095,0
114,1.66816210747,-0.0885511398315,0.809272766113,0
115,1.6782951355,-0.0886653780937,0.808490753174,0
116,1.68840003014,-0.0887415230274,0.807637631893,0
117,1.69845414162,-0.0887474954128,0.806643188,0
118,1.70851802826,-0.0884126782417,0.804928541183,0
119,1.718968153,-0.0884999811649,0.804096162319,0
120,1.72903800011,-0.0885920643806,0.803271532059,0
121,1.73912596703,-0.088629424572,0.802332639694,0
122,1.7492620945,-0.0887163758278,0.801496744156,0
123,1.759360075,-0.0883568644524,0.79976952076,0
124,1.76944208145,-0.0884306013584,0.798902094364,0
125,1.77959108353,-0.0884645402431,0.797959268093,0
126,1.78969812393,-0.0885515451431,0.797140479088,0
127,1.79962611198,-0.0886623382568,0.79634976387,0
128,1.80974912643,-0.0883606493473,0.794733583927,0
129,1.81987714767,-0.088435280323,0.793875455856,0
130,1.8299510479,-0.0884763002396,0.792941093445,0
131,1.84011507034,-0.0885958552361,0.792167901993,0
132,1.85023808479,-0.0883126020432,0.790574789047,0
133,1.86050415039,-0.0884303569794,0.78980410099,0
134,1.87056612968,-0.088466244936,0.78886538744,0
135,1.88067102432,-0.0885503828526,0.788024246693,0
136,1.89076519012,-0.088665163517,0.78724861145,0
137,1.90081715584,-0.0883484303951,0.785602152348,0
138,1.91094708443,-0.0884576976299,0.784809887409,0
139,1.92105507851,-0.0885097026825,0.783907294273,0
140,1.93112111092,-0.0881810069084,0.78223669529,0
141,1.94125318527,-0.0886904656887,0.782246530056,0
142,1.95134401321,-0.0883562445641,0.780567288399,0
143,1.96145200729,-0.0883983492851,0.779632687569,0
144,1.97164011002,-0.088478666544,0.778792917728,0
145,1.98164415359,-0.0885881841183,0.778000056744,0
146,1.99176311493,-0.0883097946644,0.776415884495,0
147,2.00203704834,-0.0879160344601,0.774628460407,0
148,2.01203608513,-0.0883485198021,0.774487733841,0
149,2.02209305763,-0.0884112656116,0.773602426052,0
150,2.03220105171,-0.0884936749935,0.772756636143,0
151,2.04230713844,-0.0877240359783,0.770213663578,0
152,2.05234408379,-0.0881570339203,0.770069360733,0
153,2.06244707108,-0.0881770789623,0.769092857838,0
154,2.07261300087,-0.0882341325283,0.768204152584,0
155,2.08264112473,-0.088271677494,0.767269849777,0
156,2.09273505211,-0.0874431788921,0.764597952366,0
157,2.10288405418,-0.0878475487232,0.764398396015,0
158,2.11296701431,-0.087846750021,0.763388693333,0
159,2.12304806709,-0.0878593742847,0.762399852276,0
160,2.13318896294,-0.0878710508347,0.761409401894,0
161,2.14332699776,-0.0874130189419,0.759489119053,0
162,2.15336918831,-0.0873531460762,0.758355379105,0
163,2.16350913048,-0.0873082756996,0.757255554199,0
164,2.173609972,-0.0872797369957,0.756190776825,0
165,2.18368697166,-0.0867608904839,0.754122376442,0
166,2.19399404526,-0.0862915456295,0.752174675465,0
167,2.20408415794,-0.0867268443108,0.752037882805,0
168,2.21415805817,-0.0866379976273,0.750845193863,0
169,2.22430801392,-0.0866221010685,0.749806582928,0
170,2.23437619209,-0.0860439002514,0.74763828516,0
171,2.24449515343,-0.0860543251038,0.74664914608,0
172,2.25459504128,-0.0856725156307,0.744872629642,0
173,2.26472401619,-0.0859952926636,0.744508981705,0
174,2.27481603622,-0.0859376251698,0.74337464571,0
175,2.2850060463,-0.085443341732,0.741372466087,0
176,2.29514217377,-0.085372030735,0.740247964859,0
177,2.30496096611,-0.085347276926,0.739195644855,0
178,2.31498908997,-0.0852392613888,0.737964212894,0
179,2.32514309883,-0.0846704006195,0.735817790031,0
180,2.33523011208,-0.0846291124821,0.734722316265,0
181,2.34535908699,-0.0846005260944,0.733646333218,0
182,2.35554718971,-0.0845011234283,0.732439637184,0
183,2.36562609673,-0.084418207407,0.731263101101,0
184,2.37573313713,-0.0838333725929,0.729072928429,0
185,2.38593816757,-0.0833611011505,0.727124094963,0
186,2.39598107338,-0.0836821496487,0.726751387119,0
187,2.40612912178,-0.0836064875126,0.725575268269,0
188,2.41637706757,-0.083598035574,0.724558770657,0
189,2.42637300491,-0.0829495310783,0.722254157066,0
190,2.4364490509,-0.0828661382198,0.721074879169,0
191,2.4465739727,-0.0828197181225,0.719962418079,0
192,2.45677018166,-0.0827382683754,0.71879863739,0
193,2.46677899361,-0.0826914250851,0.717693150043,0
194,2.47689700127,-0.0820514500141,0.71539670229,0
195,2.48706197739,-0.0819981753826,0.714285552502,0
196,2.49710798264,-0.0819094359875,0.713115870953,0
197,2.50703001022,-0.0818971097469,0.712070405483,0
198,2.51723814011,-0.0812506437302,0.70976626873,0
199,2.5273501873,-0.0811958670616,0.708644628525,0
200,2.53747105598,-0.0810965061188,0.707431316376,0
201,2.54761695862,-0.0810988247395,0.706422150135,0
202,2.55775499344,-0.0810130476952,0.70523917675,0
203,2.5678691864,-0.0803579330444,0.702910661697,0
204,2.57805204391,-0.0802610456944,0.701703488827,0
205,2.58818602562,-0.0802275598049,0.700630605221,0
206,2.59824514389,-0.080137616396,0.699436724186,0
207,2.60838508606,-0.0794562697411,0.697020530701,0
208,2.61892008781,-0.0793298840523,0.695799469948,0
209,2.62860298157,-0.0792203068733,0.694563508034,0
210,2.63877105713,-0.0790911734104,0.693302929401,0
211,2.64879417419,-0.078976982832,0.692061364651,0
212,2.65892601013,-0.0781941533089,0.68948841095,0
213,2.66899895668,-0.0780360758305,0.68816024065,0
214,2.67911911011,-0.0779347062111,0.686941504478,0
215,2.68927907944,-0.0777836978436,0.68563657999,0
216,2.69930815697,-0.0776149690151,0.684284627438,0
217,2.70945310593,-0.0767907083035,0.681623399258,0
218,2.71958017349,-0.0766482889652,0.680332362652,0
219,2.72964215279,-0.0764811933041,0.678985774517,0
220,2.73976612091,-0.0762699484825,0.677547693253,0
221,2.74992203712,-0.076104670763,0.676213443279,0
222,2.75995898247,-0.0753313660622,0.673655033112,0
223,2.77007699013,-0.0750986814499,0.672184944153,0
224,2.78012418747,-0.0749013662338,0.670772433281,0
225,2.79030299187,-0.0747372806072,0.669439256191,0
226,2.80035305023,-0.0739448130131,0.666851222515,0
227,2.81038403511,-0.0737328052521,0.665409207344,0
228,2.8205640316,-0.0735518813133,0.664036750793,0
229,2.83067011833,-0.0734563887119,0.662835776806,0
230,2.84077000618,-0.0733196496964,0.661551594734,0
231,2.85087704659,-0.0724414288998,0.658781349659,0
232,2.86101508141,-0.072360932827,0.657603859901,0
233,2.87118005753,-0.0722414314747,0.656354963779,0
234,2.8812789917,-0.0721031963825,0.655063688755,0
235,2.8914270401,-0.0719367086887,0.653710305691,0
236,2.90163111687,-0.0712364971638,0.651307880878,0
237,2.91165113449,-0.0711258113384,0.650077521801,0
238,2.92174100876,-0.0710438072681,0.648889601231,0
239,2.93198013306,-0.0708551764488,0.647504448891,0
240,2.94205904007,-0.0707782149315,0.646341323853,0
241,2.9521510601,-0.0701514482498,0.644067287445,0
242,2.96235609055,-0.0700104057789,0.642783105373,0
243,2.97237706184,-0.0699018597603,0.641559720039,0
244,2.98243999481,-0.0698355197906,0.640411734581,0
245,2.99259305,-0.0692176580429,0.638164520264,0
246,3.00270795822,-0.069138109684,0.636997818947,0
247,3.01278400421,-0.0690403401852,0.635791361332,0
248,3.02289319038,-0.0690043449402,0.634706377983,0
249,3.03302311897,-0.0689848721027,0.633657634258,0
250,3.04312109947,-0.0683562040329,0.631390094757,0
251,3.05322313309,-0.0682723164558,0.630214333534,0
252,3.06330299377,-0.0682223558426,0.629100799561,0
253,3.07343912125,-0.0682419061661,0.628135800362,0
254,3.08348011971,-0.0681843459606,0.626996695995,0
255,3.09371995926,-0.0675631821156,0.624749958515,0
256,3.10376405716,-0.0675379693508,0.623692929745,0
257,3.11383008957,-0.0675401031971,0.622685492039,0
258,3.12394714355,-0.0675310254097,0.621653437614,0
259,3.13408613205,-0.0669759333134,0.619532763958,0
260,3.14419102669,-0.0669406175613,0.618451237679,0
261,3.15429997444,-0.066946554184,0.617451190948,0
262,3.16441917419,-0.0669184088707,0.616385102272,0
263,3.17451715469,-0.0669228255749,0.615375936031,0
264,3.18469715118,-0.0663242340088,0.613179564476,0
265,3.19468903542,-0.0663126409054,0.612139880657,0
266,3.20485401154,-0.0663377285004,0.611178159714,0
267,3.21497297287,-0.066323441267,0.610137164593,0
268,3.22509717941,-0.066296672821,0.609071135521,0
269,3.23522210121,-0.0657327353954,0.606922566891,0
270,3.245429039,-0.0657311439514,0.605917572975,0
271,3.25544714928,-0.0657425165176,0.60493183136,0
272,3.26553201675,-0.0657305240631,0.603903651237,0
273,3.27557396889,-0.0651271104813,0.60168170929,0
274,3.28572511673,-0.0651425123215,0.600708007812,0
275,3.2957701683,-0.0651595711708,0.599740743637,0
276,3.30578398705,-0.0651314914227,0.598671972752,0
277,3.31591010094,-0.0651017248631,0.597601830959,0
278,3.32601618767,-0.0645268797874,0.595439553261,0
279,3.33614206314,-0.064542388916,0.59445476532,0
280,3.34630012512,-0.0645521759987,0.593459844589,0
281,3.35644507408,-0.0645285665989,0.592402517796,0
282,3.36654615402,-0.0644584238529,0.591246545315,0
283,3.37670302391,-0.0639634370804,0.589253664017,0
284,3.38673210144,-0.0639899909496,0.588297665119,0
285,3.3968231678,-0.0639871537685,0.587275207043,0
286,3.40699100494,-0.0639341294765,0.586163461208,0
287,3.41704797745,-0.063393843174,0.584070682526,0
288,3.42717003822,-0.063416993618,0.583104968071,0
289,3.43729019165,-0.0634314835072,0.582133352757,0
290,3.44729614258,-0.0634473085403,0.581147313118,0
291,3.45747303963,-0.0634349524975,0.580117404461,0
292,3.46752500534,-0.0629320979118,0.57809817791,0
293,3.47766017914,-0.0629721164703,0.577169418335,0
294,3.48774814606,-0.0629899919033,0.57619458437,0
295,3.49785399437,-0.063006913662,0.575208425522,0
296,3.50805401802,-0.0630339682102,0.574245631695,0
297,3.51822304726,-0.0625372827053,0.572246968746,0
298,3.52827596664,-0.0625647902489,0.571284770966,0
299,3.53844809532,-0.0625757813454,0.570304751396,0
300,3.54846811295,-0.0626213252544,0.569378554821,0
301,3.55864095688,-0.0621823132038,0.567451417446,0
302,3.56913208961,-0.0621693968773,0.566427588463,0
303,3.57911205292,-0.0621707677841,0.565413832664,0
304,3.58927702904,-0.0621837735176,0.564419150352,0
305,3.59948396683,-0.0622281312943,0.563507556915,0
306,3.60948705673,-0.0617450237274,0.561535835266,0
307,3.61954212189,-0.0617419362068,0.560521364212,0
308,3.62962508202,-0.0617049217224,0.559429526329,0
309,3.63980317116,-0.0617333829403,0.558481156826,0
310,3.64985609055,-0.0617118775845,0.557432353497,0
311,3.65991401672,-0.0612282276154,0.555444836617,0
312,3.67011618614,-0.0611827075481,0.554350912571,0
313,3.68014502525,-0.0611874938011,0.553352475166,0
314,3.69022512436,-0.0612017273903,0.552358150482,0
315,3.70045304298,-0.0606912434101,0.550303280354,0
316,3.71079206467,-0.0606469094753,0.549219310284,0
317,3.72074508667,-0.0606141328812,0.548142552376,0
318,3.73085713387,-0.0605865836143,0.547075271606,0
319,3.74097895622,-0.0605707943439,0.546038091183,0
320,3.75103497505,-0.0600342392921,0.543953180313,0
321,3.76115298271,-0.0599640369415,0.542798876762,0
322,3.77129197121,-0.0599668383598,0.541799068451,0
323,3.78134608269,-0.0599000096321,0.54064810276,0
324,3.79151916504,-0.0598695755005,0.539575338364,0
325,3.80163812637,-0.059268373251,0.537354648113,0
326,3.81182098389,-0.0592256546021,0.536269903183,0
327,3.82181406021,-0.0591744482517,0.535164177418,0
328,3.83184719086,-0.059132194519,0.534077882767,0
329,3.84186506271,-0.0585120141506,0.531831920147,0
330,3.85192108154,-0.0584647715092,0.530724942684,0
331,3.86204600334,-0.0584321141243,0.529644012451,0
332,3.87220215797,-0.0583958625793,0.52856361866,0
333,3.88228106499,-0.0583578705788,0.527470827103,0
334,3.89244914055,-0.0577638268471,0.525262951851,0
335,3.90264701843,-0.0577507138252,0.524225115776,0
336,3.91276311874,-0.0577525496483,0.523221492767,0
337,3.92283606529,-0.0577083230019,0.522124648094,0
338,3.9329199791,-0.057646137476,0.520983278751,0
339,3.94308996201,-0.0571245372295,0.518934071064,0
340,3.95315003395,-0.0570982038975,0.517875611782,0
341,3.96320796013,-0.0571092009544,0.516882300377,0
342,3.97336101532,-0.0570904612541,0.515827417374,0
343,3.98353505135,-0.0570623099804,0.514764606953,0
344,3.99360013008,-0.0565451800823,0.512715756893,0
345,4.00374603271,-0.0565348029137,0.511692404747,0
346,4.0137720108,-0.0565624117851,0.510720014572,0
347,4.02404808998,-0.0565230250359,0.509650349617,0
348,4.03395700455,-0.0559878766537,0.507567346096,0
349,4.04408407211,-0.0560033619404,0.506581127644,0
350,4.05425596237,-0.0560161828995,0.505602359772,0
351,4.06430006027,-0.0560273766518,0.504618048668,0
352,4.07436704636,-0.0560297310352,0.503598749638,0
353,4.08460712433,-0.055549967289,0.501641631126,0
354,4.09458303452,-0.0556086361408,0.500746667385,0
355,4.10470604897,-0.0556378930807,0.499792784452,0
356,4.11483001709,-0.0556478261948,0.498800635338,0
357,4.12495017052,-0.0556680113077,0.497835308313,0
358,4.13500714302,-0.0552527338266,0.49599185586,0
359,4.14513611794,-0.0553439855576,0.495159864426,0
360,4.15528106689,-0.0554193377495,0.494305372238,0
361,4.16533303261,-0.0554557740688,0.493364751339,0
362,4.17546796799,-0.0550293177366,0.491492837667,0
363,4.18565797806,-0.0551055639982,0.490641921759,0
364,4.19569206238,-0.0552257090807,0.489872008562,0
365,4.20579409599,-0.055314090848,0.489038974047,0
366,4.21589207649,-0.0554039210081,0.488208144903,0
367,4.22599697113,-0.0550240278244,0.48644053936,0
368,4.23607516289,-0.0551608204842,0.485695123672,0
369,4.24626517296,-0.0552716940641,0.484906286001,0
370,4.25637102127,-0.0552809000015,0.483920097351,0
371,4.26641702652,-0.0553659975529,0.483073294163,0
372,4.27658700943,-0.0550684213638,0.481471538544,0
373,4.28665304184,-0.0552097290754,0.480746239424,0
374,4.29673218727,-0.0552861660719,0.4799028337,0
375,4.30669498444,-0.0553199827671,0.478967368603,0
376,4.31672596931,-0.0550233006477,0.477357983589,0
377,4.32688617706,-0.0551880002022,0.476668000221,0
378,4.33708000183,-0.0553415864706,0.475966066122,0
379,4.34717106819,-0.055415931344,0.47510305047,0
380,4.35728812218,-0.0554083436728,0.474068969488,0
381,4.36747717857,-0.0551126122475,0.472468614578,0
382,4.37756609917,-0.0552593171597,0.471748530865,0
383,4.38770103455,-0.0553908675909,0.47099801898,0
384,4.39783716202,-0.0554386824369,0.470079153776,0
385,4.40798211098,-0.0555281877518,0.469250559807,0
386,4.41805815697,-0.0553210258484,0.467828035355,0
387,4.42814016342,-0.0554692924023,0.46710807085,0
388,4.43830513954,-0.055527472496,0.466212749481,0
389,4.44842195511,-0.0555867522955,0.465325802565,0
390,4.45847702026,-0.055706512928,0.464506626129,0
391,4.46906399727,-0.0555394947529,0.463212072849,0
392,4.47866916656,-0.055685955286,0.462496101856,0
393,4.48875808716,-0.0557672202587,0.461645424366,0
394,4.49889016151,-0.055875185132,0.460846453905,0
395,4.50903916359,-0.0556274026632,0.459345906973,0
396,4.51908898354,-0.0558354914188,0.458748281002,0
397,4.52922701836,-0.0559790253639,0.458021640778,0
398,4.5393640995,-0.0560488164425,0.457157313824,0
399,4.54940319061,-0.0561449915171,0.456332474947,0
400,4.55957508087,-0.0559319883585,0.454895764589,0
401,4.56968212128,-0.0560716062784,0.45417240262,0
402,4.57970809937,-0.0562050193548,0.45342823863,0
403,4.58981800079,-0.0562860012054,0.452579498291,0
404,4.5999250412,-0.0563718825579,0.451741963625,0
405,4.61001801491,-0.056083330512,0.450149148703,0
406,4.62017512321,-0.0562054157257,0.449386715889,0
407,4.63024115562,-0.0563206344843,0.448607355356,0
408,4.64033913612,-0.0563988953829,0.447748571634,0
409,4.65049219131,-0.0560120075941,0.445936411619,0
410,4.66087603569,-0.0561038196087,0.445116341114,0
411,4.67091298103,-0.0561801940203,0.444259792566,0
412,4.68100595474,-0.0562626093626,0.443411320448,0
413,4.69113898277,-0.0563015580177,0.442478299141,0
414,4.70124816895,-0.0558475553989,0.440561592579,0
415,4.71133518219,-0.0559007823467,0.439654767513,0
416,4.7214679718,-0.0559460610151,0.438738912344,0
417,4.73153209686,-0.0559497714043,0.437734246254,0
418,4.74165296555,-0.055998390913,0.43681627512,0
419,4.75180506706,-0.0554838210344,0.434784442186,0
420,4.76183199883,-0.0555002629757,0.433805525303,0
421,4.77195000648,-0.0555324524641,0.432858794928,0
422,4.78206110001,-0.0555204242468,0.431823343039,0
423,4.79217505455,-0.0550258427858,0.429828077555,0
424,4.80223608017,-0.0550089925528,0.428783386946,0
425,4.8123459816,-0.055017003417,0.427786201239,0
426,4.82247805595,-0.0550804376602,0.426908969879,0
427,4.83251905441,-0.0550866276026,0.425914555788,0
428,4.84258699417,-0.0545835316181,0.423889458179,0
429,4.85277605057,-0.054569542408,0.422852277756,0
430,4.8628680706,-0.0546148836613,0.42192286253,0
431,4.87306904793,-0.0546705961227,0.421026587486,0
432,4.88314604759,-0.0546982586384,0.4200720191,0
433,4.89324498177,-0.0541891664267,0.418041318655,0
434,4.90337014198,-0.054234829545,0.417126446962,0
435,4.91343212128,-0.0542379528284,0.416123896837,0
436,4.9235200882,-0.0542832821608,0.415206760168,0
437,4.93359804153,-0.0538502305746,0.413297146559,0
438,4.9440331459,-0.0538615703583,0.412310242653,0
439,4.95412898064,-0.0538798809052,0.41133916378,0
440,4.9642059803,-0.0539202958345,0.410408884287,0
441,4.97431707382,-0.0539296776056,0.409414559603,0
442,4.98444795609,-0.0534949183464,0.407537937164,0
443,4.99451899529,-0.0534991502762,0.406534790993,0
444,5.0046350956,-0.0534930318594,0.405511945486,0
445,5.01474118233,-0.0535620212555,0.404642224312,0
446,5.02481818199,-0.0536050200462,0.403715729713,0
447,5.03494310379,-0.05315297544,0.401802152395,0
448,5.04503798485,-0.0531871795654,0.4008487463,0
449,5.05525612831,-0.0531854480505,0.399845093489,0
450,5.06525802612,-0.0532320708036,0.398925632238,0
451,5.07538509369,-0.0528699457645,0.3971747756,0
452,5.08565115929,-0.0528478682041,0.396126329899,0
453,5.09569406509,-0.0528833389282,0.395185470581,0
454,5.10581207275,-0.0529163330793,0.394245356321,0
455,5.11587309837,-0.0529468625784,0.393291324377,0
456,5.1260240078,-0.0525841385126,0.391557365656,0
457,5.13610911369,-0.052620407939,0.390623301268,0
458,5.1461751461,-0.0526277005672,0.389624893665,0
459,5.15630507469,-0.0526784837246,0.388714849949,0
460,5.166421175,-0.0526960253716,0.387738347054,0
461,5.1765370369,-0.052318751812,0.385976195335,0
462,5.18661308289,-0.0523605823517,0.385048866272,0
463,5.19672298431,-0.0524154037237,0.384145706892,0
464,5.20685100555,-0.0524450927973,0.383201986551,0
465,5.21688199043,-0.0524798512459,0.382250905037,0
466,5.22708797455,-0.0520619124174,0.380404323339,0
467,5.23719501495,-0.0521612644196,0.379590630531,0
468,5.24731898308,-0.0522391110659,0.378735810518,0
469,5.25742411613,-0.0522955238819,0.377836048603,0
470,5.26754999161,-0.0518826514482,0.37600389123,0
471,5.27761411667,-0.0519250303507,0.375082045794,0
472,5.28768014908,-0.0520276933908,0.37427058816,0
473,5.29784798622,-0.0521080225706,0.373431533575,0
474,5.30784511566,-0.0522216022015,0.372651994228,0
475,5.31791210175,-0.0519106268883,0.371014237404,0
476,5.32807016373,-0.0519700199366,0.370120435953,0
477,5.3381960392,-0.0520400583744,0.369250118732,0
478,5.34829998016,-0.0521437317133,0.368442565203,0
479,5.35844898224,-0.0519465714693,0.366992145777,0
480,5.36900997162,-0.0520641505718,0.366264402866,0
481,5.37863898277,-0.0522009342909,0.365525454283,0
482,5.38876414299,-0.0523287922144,0.36476996541,0
483,5.39887619019,-0.0524431675673,0.363989323378,0
484,5.40897011757,-0.0522142529488,0.362521886826,0
485,5.41906619072,-0.0524132698774,0.361907333136,0
486,5.42919206619,-0.0525947839022,0.361260563135,0
487,5.43929004669,-0.0527873426676,0.360628277063,0
488,5.44946408272,-0.0529639273882,0.359971553087,0
489,5.45956301689,-0.052770408988,0.358578413725,0
490,5.46962404251,-0.0529583662748,0.357948035002,0
491,5.47968697548,-0.0531805455685,0.357379376888,0
492,5.48981714249,-0.0534163892269,0.356844365597,0
493,5.49988412857,-0.0536631435156,0.356327980757,0
494,5.50998306274,-0.0535910069942,0.355166614056,0
495,5.52015399933,-0.0538053661585,0.354595214128,0
496,5.53015518188,-0.0539681702852,0.353908926249,0
497,5.54027414322,-0.0541916310787,0.353342950344,0
498,5.55040311813,-0.0541840672493,0.352307319641,0
499,5.56060814857,-0.0544645816088,0.351862460375,0
500,5.57066702843,-0.0547867238522,0.35149794817,0
501,5.58075499535,-0.0550782799721,0.351065158844,0
502,5.590914011,-0.0553625881672,0.350625574589,0
503,5.60099601746,-0.0553633153439,0.34961861372,0
504,5.61108016968,-0.055608355999,0.349095106125,0
505,5.62121605873,-0.0558658719063,0.348605632782,0
506,5.63126111031,-0.05609588027,0.348049342632,0
507,5.64142417908,-0.056400167942,0.347627639771,0
508,5.65172696114,-0.0564134508371,0.346657186747,0
509,5.66169714928,-0.0566413193941,0.34610453248,0
510,5.67178106308,-0.0569285750389,0.345670342445,0
511,5.68186807632,-0.0572229027748,0.345247507095,0
512,5.69198298454,-0.0572881907225,0.344361871481,0
513,5.70214509964,-0.0575609534979,0.343897908926,0
514,5.7122399807,-0.057817235589,0.343402653933,0
515,5.72231817245,-0.0581016123295,0.3429672122,0
516,5.73236012459,-0.0583827227354,0.342514246702,0
517,5.74251198769,-0.0584515482187,0.3416261971,0
518,5.75276899338,-0.0586591631174,0.341039329767,0
519,5.76278996468,-0.0589021265507,0.340518057346,0
520,5.77286195755,-0.0591655433178,0.340033471584,0
521,5.78297615051,-0.0593902885914,0.339471161366,0
522,5.79309415817,-0.0594125270844,0.338499546051,0
523,5.80325508118,-0.0597036778927,0.338066756725,0
524,5.8134059906,-0.0599496424198,0.337551772594,0
525,5.82347512245,-0.0601954966784,0.337041288614,0
526,5.83349704742,-0.0602261632681,0.336085528135,0
527,5.84366798401,-0.0604689717293,0.335570931435,0
528,5.85367012024,-0.0607066661119,0.335029631853,0
529,5.86383700371,-0.0609449654818,0.334485322237,0
530,5.87404608727,-0.0611404180527,0.333865523338,0
531,5.88415312767,-0.0610745459795,0.332719475031,0
532,5.89429616928,-0.0613302081823,0.33221539855,0
533,5.90445017815,-0.0615918397903,0.331728577614,0
534,5.91455101967,-0.0618267893791,0.331184983253,0
535,5.92468595505,-0.0620336353779,0.330573260784,0
536,5.93494009972,-0.0619975149632,0.329501330853,0
537,5.94493699074,-0.0622317641973,0.328953713179,0
538,5.95509815216,-0.0624180734158,0.328321039677,0
539,5.96515107155,-0.062567704916,0.327606499195,0
540,5.97528910637,-0.0624693036079,0.326382994652,0
541,5.98555612564,-0.0626913607121,0.325833618641,0
542,5.99549102783,-0.0629102259874,0.325254350901,0
543,6.00566101074,-0.0630937844515,0.324615269899,0
544,6.01572299004,-0.0632874697447,0.323994725943,0
545,6.02580213547,-0.0631793498993,0.322759389877,0
546,6.03599309921,-0.0633187621832,0.322034806013,0
547,6.04602718353,-0.0634532660246,0.321287721395,0
548,6.05618810654,-0.0636179089546,0.32060110569,0
549,6.06634712219,-0.0637942910194,0.3199467659,0
550,6.07641816139,-0.0636939048767,0.318739295006,0
551,6.08648514748,-0.0638651043177,0.318064004183,0
552,6.09666204453,-0.0641142696142,0.317556232214,0
553,6.10672307014,-0.0642239511013,0.316766798496,0
554,6.11681103706,-0.0644163012505,0.316135883331,0
555,6.1269671917,-0.064173579216,0.314645051956,0
556,6.13702106476,-0.0643239200115,0.313939034939,0
557,6.14708805084,-0.0645092099905,0.313300222158,0
558,6.15718197823,-0.064735865593,0.31273663044,0
559,6.16735100746,-0.0646060943604,0.311469078064,0
560,6.17743110657,-0.0647978961468,0.310844480991,0
561,6.18751311302,-0.0650157868862,0.310267269611,0
562,6.19764304161,-0.0651844412088,0.309593468904,0
563,6.20775413513,-0.0653179615736,0.308853119612,0
564,6.21782803535,-0.0651631861925,0.307528167963,0
565,6.22798204422,-0.0653701841831,0.306927263737,0
566,6.2381310463,-0.0655349135399,0.306246519089,0
567,6.24823307991,-0.0657663553953,0.305694192648,0
568,6.25838518143,-0.0659774363041,0.305108368397,0
569,6.26846504211,-0.0658965915442,0.303936570883,0
570,6.27856612206,-0.0660758048296,0.303281694651,0
571,6.28869915009,-0.0662584066391,0.302642703056,0
572,6.29874110222,-0.0664460659027,0.302015423775,0
573,6.30876708031,-0.0662948936224,0.300703972578,0
574,6.31885814667,-0.0665011376143,0.300108164549,0
575,6.3289411068,-0.0667060256004,0.299510836601,0
576,6.339012146,-0.066906619072,0.298903822899,0
577,6.34909415245,-0.0671130478382,0.298301398754,0
578,6.35924696922,-0.0669790655375,0.297022730112,0
579,6.36935400963,-0.0672077864408,0.296470969915,0
580,6.37944602966,-0.0674227267504,0.295884639025,0
581,6.38960814476,-0.067610758543,0.295251309872,0
582,6.39970207214,-0.0677674293518,0.294550657272,0
583,6.40984201431,-0.0677463799715,0.293478757143,0
584,6.420140028,-0.0679737865925,0.292938172817,0
585,6.43009400368,-0.0681914746761,0.292364537716,0
586,6.44018411636,-0.0684136867523,0.291777968407,0
587,6.45049405098,-0.0684144675732,0.290741622448,0
588,6.46087312698,-0.0686545878649,0.290261179209,0
589,6.47047996521,-0.0688575237989,0.289648145437,0
590,6.48066902161,-0.0690676242113,0.289061933756,0
591,6.49073314667,-0.0692797511816,0.288480490446,0
592,6.50079011917,-0.0692970722914,0.287502139807,0
593,6.51092004776,-0.0694996982813,0.286897689104,0
594,6.52101707458,-0.0697463750839,0.286384344101,0
595,6.53108406067,-0.0699655771255,0.285811543465,0
596,6.54119610786,-0.0702036172152,0.285273820162,0
597,6.55133414268,-0.0702309459448,0.284320682287,0
598,6.56141209602,-0.0704753369093,0.28379997611,0
599,6.57150697708,-0.0707148641348,0.283265322447,0
600,6.58164405823,-0.0709271967411,0.282679378986,0
601,6.59175014496,-0.0711601376534,0.282131075859,0
602,6.60189199448,-0.0711230993271,0.28104197979,0
603,6.61204218864,-0.0713803946972,0.280552685261,0
604,6.62208104134,-0.0716047853231,0.279992669821,0
605,6.63216900826,-0.0718625247478,0.279494345188,0
606,6.64230704308,-0.0718771934509,0.278501868248,0
607,6.65252518654,-0.0721045136452,0.277956724167,0
608,6.66252303123,-0.0723790407181,0.277490377426,0
609,6.6726770401,-0.0726072341204,0.276943355799,0
610,6.68271112442,-0.0728626579046,0.276442617178,0
611,6.69282698631,-0.0728945285082,0.275494843721,0
612,6.70294213295,-0.0731803774834,0.275058150291,0
613,6.71302604675,-0.0734329074621,0.274551004171,0
614,6.72314810753,-0.0736749261618,0.274025648832,0
615,6.73324203491,-0.0738949388266,0.273451775312,0
616,6.74338102341,-0.0737964332104,0.272247970104,0
617,6.75344896317,-0.0740025728941,0.271651834249,0
618,6.76353311539,-0.0741850852966,0.271000862122,0
619,6.77369308472,-0.0743942528963,0.270413309336,0
620,6.78375196457,-0.0743488043547,0.269302099943,0
621,6.79395508766,-0.0745761454105,0.268742978573,0
622,6.80409312248,-0.0747416585684,0.268069118261,0
623,6.81414198875,-0.0748538017273,0.267283201218,0
624,6.82424402237,-0.0749130755663,0.266392737627,0
625,6.83433413506,-0.0746446609497,0.264850616455,0
626,6.84438705444,-0.0747393369675,0.264019370079,0
627,6.85459303856,-0.0748810917139,0.26328137517,0
628,6.86480808258,-0.0750118345022,0.262528866529,0
629,6.87494802475,-0.0746890097857,0.260879307985,0
630,6.88498711586,-0.074729475379,0.25994643569,0
631,6.89512515068,-0.0747566908598,0.258988469839,0
632,6.9052491188,-0.0748397469521,0.258144378662,0
633,6.91535115242,-0.0749374836683,0.257323950529,0
634,6.92551016808,-0.0745593547821,0.255551695824,0
635,6.93567013741,-0.0746194630861,0.254663616419,0
636,6.94575309753,-0.0747563898563,0.253928363323,0
637,6.95584416389,-0.0747639775276,0.252931237221,0
638,6.96596717834,-0.0748323410749,0.252057284117,0
639,6.97607398033,-0.0745247989893,0.250434786081,0
640,6.98614811897,-0.0745948925614,0.249562576413,0
641,6.9962720871,-0.0746733218431,0.248709827662,0
642,7.00636816025,-0.0747437521815,0.247842296958,0
643,7.01645207405,-0.0748452037573,0.247030109167,0
644,7.02660298347,-0.0745370522141,0.245401695371,0
645,7.03672409058,-0.0746462732553,0.244616538286,0
646,7.04676008224,-0.0747860401869,0.243881076574,0
647,7.05691003799,-0.0748706996441,0.243046581745,0
648,7.06694817543,-0.0749729081988,0.242214903235,0
649,7.07730913162,-0.0746776640415,0.240638315678,0
650,7.08717012405,-0.0747756779194,0.239828646183,0
651,7.09722709656,-0.0749055787921,0.239076957107,0
652,7.10734200478,-0.0750109747052,0.238277330995,0
653,7.11744618416,-0.0746565520763,0.236557900906,0
654,7.12755203247,-0.0748019322753,0.23583714664,0
655,7.13766717911,-0.0749092638493,0.235043823719,0
656,7.14774703979,-0.0750121533871,0.234237492085,0
657,7.1578681469,-0.075135537982,0.23347517848,0
658,7.16795897484,-0.0748373001814,0.231867283583,0
659,7.1780731678,-0.0748976007104,0.230974391103,0
660,7.18820810318,-0.0749831005931,0.230139002204,0
661,7.19827198982,-0.075099799037,0.229360193014,0
662,7.2083940506,-0.0752597481012,0.228654295206,0
663,7.21865200996,-0.0750175222754,0.227171942592,0
664,7.22863101959,-0.0751047447324,0.226340189576,0
665,7.23869299889,-0.0751507788897,0.225407749414,0
666,7.24893808365,-0.0752983808517,0.224697351456,0
667,7.25899410248,-0.0750080600381,0.223112419248,0
668,7.26903700829,-0.0751536205411,0.222391143441,0
669,7.27916097641,-0.0752952426672,0.221662968397,0
670,7.28927516937,-0.0754120767117,0.220890343189,0
671,7.29933810234,-0.075533656776,0.220123514533,0
672,7.30943799019,-0.0753636702895,0.218769833446,0
673,7.31957507133,-0.0755102097988,0.218069016933,0
674,7.32951402664,-0.0757726311684,0.217584848404,0
675,7.33960413933,-0.0759348005056,0.216890901327,0
676,7.34978699684,-0.0760805428028,0.216167986393,0
677,7.35993099213,-0.0758777335286,0.214751258492,0
678,7.37004208565,-0.0760458603501,0.214076712728,0
679,7.38015007973,-0.0762641593814,0.213500604033,0
680,7.39027714729,-0.076504573226,0.212972849607,0
681,7.40036296844,-0.0764412656426,0.211830928922,0
682,7.41051602364,-0.0766528919339,0.211234465241,0
683,7.42071318626,-0.0768756225705,0.210675731301,0
684,7.4307551384,-0.0770956709981,0.210102930665,0
685,7.44088411331,-0.0772900164127,0.209470331669,0
686,7.45109701157,-0.077147808671,0.208183199167,0
687,7.46112418175,-0.0773547545075,0.207584813237,0
688,7.47124695778,-0.0775346577168,0.206938803196,0
689,7.48130512238,-0.0777143225074,0.206285640597,0
690,7.49143004417,-0.0778745114803,0.205596506596,0
691,7.50152516365,-0.0776743337512,0.204179868102,0
692,7.511687994,-0.0778316557407,0.203488409519,0
693,7.52174901962,-0.0779793903232,0.202775463462,0
694,7.53183317184,-0.0781438946724,0.202091693878,0
695,7.54196095467,-0.0779534846544,0.200681358576,0
696,7.55225610733,-0.0780523627996,0.199869006872,0
697,7.56235718727,-0.0781357198954,0.199022442102,0
698,7.57248997688,-0.0782282263041,0.198200136423,0
699,7.58256316185,-0.0783040821552,0.197336256504,0
700,7.59271907806,-0.0779882997274,0.19569298625,0
701,7.60283613205,-0.0781065791845,0.194927662611,0
702,7.61285495758,-0.078209617734,0.194123536348,0
703,7.6229569912,-0.0782760247588,0.193239852786,0
704,7.63312196732,-0.0783235788345,0.192325353622,0
705,7.64321804047,-0.0779460564256,0.190550401807,0
706,7.65341711044,-0.0780026689172,0.189659431577,0
707,7.66345906258,-0.0780713066459,0.188786312938,0
708,7.67356300354,-0.0781547829509,0.187946662307,0
709,7.68362903595,-0.0778252542019,0.186267197132,0
710,7.69383311272,-0.0778643667698,0.185330331326,0
711,7.70398402214,-0.0778664439917,0.184329479933,0
712,7.71403408051,-0.0779352471232,0.18345759809,0
713,7.72412896156,-0.0780258119106,0.18261641264,0
714,7.73435211182,-0.0775951325893,0.180752456188,0
715,7.7443780899,-0.0776639133692,0.179881721735,0
716,7.75446105003,-0.0777565225959,0.179044649005,0
717,7.76468396187,-0.0777334630489,0.177995622158,0
718,7.7747130394,-0.0778119012713,0.177142605186,0
719,7.78481197357,-0.0773980408907,0.175303369761,0
720,7.79492712021,-0.0773898690939,0.174290031195,0
721,7.80489706993,-0.0774350345135,0.173376262188,0
722,7.81493806839,-0.077483433485,0.172450363636,0
723,7.82516503334,-0.0769324377179,0.170350566506,0
724,7.83514308929,-0.077037344873,0.169546887279,0
725,7.84527802467,-0.0769910261035,0.168442353606,0
726,7.85539698601,-0.0770129427314,0.167480871081,0
727,7.86545014381,-0.0769855067134,0.166415914893,0
728,7.87555098534,-0.0764766186476,0.164383620024,0
729,7.88569617271,-0.0764366850257,0.163293167949,0
730,7.89580202103,-0.0764129921794,0.16223166883,0
731,7.90594315529,-0.0764041870832,0.161200255156,0
732,7.91608119011,-0.0763775110245,0.160131812096,0
733,7.92623209953,-0.0758393183351,0.158043935895,0
734,7.93634700775,-0.0757570847869,0.156870767474,0
735,7.946434021,-0.0757223501801,0.155784085393,0
736,7.95660614967,-0.0756498798728,0.154634162784,0
737,7.96665596962,-0.0756364554167,0.153591006994,0
738,7.97681903839,-0.0750708624721,0.151446923614,0
739,7.98694801331,-0.0750724196434,0.150452136993,0
740,7.99692702293,-0.0750031724572,0.149301841855,0
741,8.00704503059,-0.0748967692256,0.148070439696,0
742,8.01723098755,-0.0743945121765,0.146059513092,0
743,8.02729511261,-0.0743543788791,0.144971355796,0
744,8.03737401962,-0.0743663430214,0.143980979919,0
745,8.04751706123,-0.0743564322591,0.142943754792,0
746,8.05769109726,-0.0743408486247,0.141909584403,0
747,8.06772112846,-0.0738664656878,0.139948517084,0
748,8.07784414291,-0.0739596411586,0.139126285911,0
749,8.08792996407,-0.0740105360746,0.138221353292,0
750,8.09799718857,-0.0740410774946,0.13727375865,0
751,8.10808396339,-0.0740957736969,0.136362433434,0
752,8.1182911396,-0.0737688347697,0.134701952338,0
753,8.12835717201,-0.0739093855023,0.13397885859,0
754,8.13839912415,-0.0740233853459,0.133194461465,0
755,8.14852309227,-0.0740709245205,0.132279336452,0
756,8.15862512589,-0.0737196981907,0.130542695522,0
757,8.16896700859,-0.0738490313292,0.129788964987,0
758,8.17909097672,-0.074023270607,0.12912774086,0
759,8.18918800354,-0.0741465881467,0.128367558122,0
760,8.19925618172,-0.0743149086833,0.127689704299,0
761,8.20940113068,-0.074071136117,0.126192957163,0
762,8.21949315071,-0.0742512285709,0.125543057919,0
763,8.22959399223,-0.0743785142899,0.124782323837,0
764,8.23974704742,-0.0744657337666,0.123944461346,0
765,8.24987006187,-0.0745715543628,0.123144492507,0
766,8.25998616219,-0.0743330158293,0.12166262418,0
767,8.27003407478,-0.0744584769011,0.120903342962,0
768,8.2801361084,-0.0746055848897,0.120187856257,0
769,8.29023313522,-0.0747529320419,0.119475565851,0
770,8.30030298233,-0.0745935037732,0.118162408471,0
771,8.31024599075,-0.0748037219048,0.117576241493,0
772,8.32031202316,-0.074964620173,0.116887524724,0
773,8.33041715622,-0.0750481851399,0.11603436619,0
774,8.34062004089,-0.0751267969608,0.115186989307,0
775,8.35066604614,-0.0749666906893,0.113843269646,0
776,8.36090111732,-0.0751525439322,0.113200671971,0
777,8.37104415894,-0.0752398081124,0.112369097769,0
778,8.38110518456,-0.0752812616527,0.111439727247,0
779,8.39122796059,-0.0753522738814,0.110563442111,0
780,8.40141105652,-0.0750947251916,0.109046652913,0
781,8.4114279747,-0.0752240911126,0.108295872808,0
782,8.42152309418,-0.0753692097962,0.107571519911,0
783,8.43166899681,-0.0754890955985,0.106801994145,0
784,8.44176197052,-0.0756189584732,0.106044411659,0
785,8.45193505287,-0.0753631614149,0.10452812165,0
786,8.4619820118,-0.0755397953093,0.103870280087,0
787,8.47209310532,-0.0756649695337,0.103113524616,0
788,8.48216414452,-0.0758320868015,0.102438867092,0
789,8.49225306511,-0.0756320975721,0.101024799049,0
790,8.50239396095,-0.0757598444819,0.100272282958,0
791,8.51247406006,-0.0758961729705,0.0995361432433,0
792,8.52256202698,-0.0760549895465,0.0988378748298,0
793,8.53272104263,-0.0761852905154,0.0980902761221,0
794,8.54280304909,-0.0760367237031,0.0967868492007,0
795,8.55286598206,-0.0762083992362,0.0961171835661,0
796,8.56299614906,-0.0764205373824,0.0955301597714,0
797,8.57310914993,-0.0766609355807,0.0950027555227,0
798,8.58319115639,-0.0768399782479,0.0943465605378,0
799,8.59333395958,-0.0767072871327,0.0930856615305,0
800,8.60328912735,-0.0769820414484,0.0926265642047,0
801,8.61337518692,-0.0772850327194,0.0922145470977,0
802,8.62355518341,-0.0775756917894,0.0917875692248,0
803,8.63363814354,-0.0775939434767,0.0908115804195,0
804,8.64376306534,-0.0778328098357,0.0902760103345,0
805,8.65389609337,-0.0781360663474,0.0898727253079,0
806,8.66399407387,-0.0784298069775,0.0894438996911,0
807,8.67415714264,-0.0787797771394,0.089135043323,0
808,8.68424510956,-0.0789893530309,0.0885400101542,0
809,8.69438695908,-0.0793126054108,0.0881733074784,0
810,8.70451903343,-0.079630369693,0.0877973213792,0
811,8.71463418007,-0.0799064047635,0.0873338952661,0
812,8.72478914261,-0.0802157185972,0.0869427248836,0
813,8.73488712311,-0.0803492948413,0.0862173885107,0
814,8.74481201172,-0.080735591054,0.0859743654728,0
815,8.75496816635,-0.0811142086983,0.0857210159302,0
816,8.76507401466,-0.081494243443,0.085470572114,0
817,8.77517914772,-0.081684871763,0.0848244354129,0
818,8.78545308113,-0.0819986633956,0.0844416245818,0
819,8.79555702209,-0.0823239766061,0.0840760394931,0
820,8.80571913719,-0.0826398201287,0.0836941376328,0
821,8.81585502625,-0.0829486206174,0.0832976251841,0
822,8.82599616051,-0.083109087497,0.0826157703996,0
823,8.83602404594,-0.0834527797997,0.0823003426194,0
824,8.8460521698,-0.0838019132614,0.0819882154465,0
825,8.85615611076,-0.0840989790857,0.0815677568316,0
826,8.8663020134,-0.0844152852893,0.0811898559332,0
827,8.87640714645,-0.0844835951924,0.0803085714579,0
828,8.88658618927,-0.0847550950944,0.0798463746905,0
829,8.89663815498,-0.0850533515215,0.0794292986393,0
830,8.90677404404,-0.0853903375566,0.079089872539,0
831,8.91690802574,-0.0854569263756,0.0782088413835,0
832,8.92705011368,-0.0857129566371,0.077706001699,0
833,8.93719911575,-0.0859660126269,0.0771995261312,0
834,8.94732499123,-0.0862128198147,0.0766820311546,0
835,8.95743608475,-0.086480499804,0.076209500432,0
836,8.96751499176,-0.0865193858743,0.0752740651369,0
837,8.97764706612,-0.086826145649,0.0748754739761,0
838,8.98776817322,-0.0871034152806,0.0744229331613,0
839,8.997838974,-0.0874290131032,0.0740600153804,0
840,9.00798010826,-0.0877714037895,0.0737355947495,0
841,9.0180721283,-0.0878773584962,0.0729352980852,0
842,9.02819418907,-0.0882031351328,0.0725797712803,0
843,9.03826498985,-0.0884902536869,0.0721434950829,0
844,9.04837012291,-0.0888033501804,0.0717563852668,0
845,9.05850315094,-0.0888989023864,0.0709066018462,0
846,9.06891202927,-0.0891887284815,0.070480056107,0
847,9.07897400856,-0.08949746117,0.0700833126903,0
848,9.0891160965,-0.089809589833,0.0697005614638,0
849,9.09918618202,-0.0901433892548,0.069355763495,0
850,9.10931015015,-0.0903155326843,0.0686918497086,0
851,9.1193921566,-0.0906595304608,0.0683703571558,0
852,9.12948703766,-0.0910255551338,0.0680907964706,0
853,9.13960313797,-0.0913909271359,0.0678130537271,0
854,9.14968800545,-0.0917721889913,0.0675640627742,0
855,9.15980315208,-0.0920191384852,0.0670458748937,0
856,9.16992402077,-0.0924126692116,0.0668267384171,0
857,9.17998600006,-0.0928048327565,0.0666016489267,0
858,9.19008016586,-0.093224927783,0.0664274394512,0
859,9.20022416115,-0.0935501873493,0.0660318732262,0
860,9.21068501472,-0.0939081437886,0.0657840743661,0
861,9.22032213211,-0.0943169444799,0.0655892789364,0
862,9.23044610023,-0.0947063393891,0.0653505697846,0
863,9.24062108994,-0.0950715176761,0.0650785192847,0
864,9.25064516068,-0.0953427188098,0.0646106228232,0
865,9.26074814796,-0.0957350209355,0.0643805414438,0
866,9.27089500427,-0.0960822597146,0.0640697032213,0
867,9.28094816208,-0.0965078093112,0.0639115050435,0
868,9.29104113579,-0.0968716621399,0.0636239051819,0
869,9.30119419098,-0.0972022339702,0.0632873624563,0
870,9.31117105484,-0.0975985690951,0.0630675405264,0
871,9.32129597664,-0.0980184622109,0.0628983154893,0
872,9.33138608932,-0.0984278894961,0.0626968815923,0
873,9.341588974,-0.0988162327558,0.0624679662287,0
874,9.35164499283,-0.0991494007409,0.0621219053864,0
875,9.36176896095,-0.0995460320264,0.0619006492198,0
876,9.37191414833,-0.0999448727816,0.0616943500936,0
877,9.3819539547,-0.100348636135,0.0614873580635,0
878,9.39209914207,-0.100661253184,0.0610910877585,0
879,9.4023141861,-0.101057301834,0.0608699060977,0
880,9.41244697571,-0.1014613498,0.0606657005847,0
881,9.42256999016,-0.101869079471,0.0604692399502,0
882,9.43268918991,-0.102289287746,0.0603005737066,0
883,9.44278001785,-0.102567683533,0.059850666672,0
884,9.45284700394,-0.102966812253,0.0596440136433,0
885,9.46289610863,-0.103370236978,0.0594356767833,0
886,9.47304797173,-0.103797632828,0.0592833645642,0
887,9.48311901093,-0.104171788692,0.0590176582336,0
888,9.49325919151,-0.104500224441,0.0586660429835,0
889,9.50334405899,-0.104917981103,0.0584913529456,0
890,9.51344609261,-0.105322382227,0.0582802481949,0
891,9.52364516258,-0.105742987618,0.058109562844,0
892,9.53376412392,-0.106049005687,0.0577043145895,0
893,9.54393696785,-0.106437095627,0.0574685744941,0
894,9.5540561676,-0.106825189292,0.057239279151,0
895,9.56411099434,-0.107206824422,0.0569881498814,0
896,9.57425498962,-0.107598482445,0.0567532517016,0
897,9.58443713188,-0.107845371589,0.0562441460788,0
898,9.59446597099,-0.108220846951,0.0559812933207,0
899,9.60460400581,-0.108592640609,0.0557173714042,0
900,9.61467909813,-0.108969289809,0.0554585829377,0
901,9.62479996681,-0.109340627864,0.0551951564848,0
902,9.63486099243,-0.109593404084,0.0546914115548,0
903,9.64495396614,-0.109935168549,0.0543603263795,0
904,9.65510010719,-0.110337017477,0.0541543215513,0
905,9.66519713402,-0.110714875907,0.0539038404822,0
906,9.67525911331,-0.110996482894,0.0534498654306,0
907,9.68543100357,-0.111349584907,0.0531466528773,0
908,9.69552516937,-0.111761997268,0.0529603920877,0
909,9.70563602448,-0.112110041082,0.0526391714811,0
910,9.71580910683,-0.112511429936,0.0524235442281,0
911,9.72599315643,-0.112756088376,0.0519056618214,0
912,9.73606514931,-0.113145760447,0.0516703203321,0
913,9.74621200562,-0.113546381146,0.0514604523778,0
914,9.75632309914,-0.113917816803,0.0511955283582,0
915,9.76640105247,-0.114321584627,0.0509806536138,0
916,9.7766251564,-0.114641679823,0.0506114512682,0
917,9.78671908379,-0.115069355816,0.0504653975368,0
918,9.79673314095,-0.115473056957,0.0502633117139,0
919,9.806828022,-0.115892409161,0.0500811077654,0
920,9.81703710556,-0.116355425119,0.0499878525734,0
921,9.82722997665,-0.116690766439,0.0496581308544,0
922,9.83723402023,-0.117108941078,0.0494949817657,0
923,9.84722900391,-0.117521852627,0.0493152029812,0
924,9.85728502274,-0.117938528582,0.0491385422647,0
925,9.867385149,-0.118325531855,0.0488981492817,0
926,9.87752914429,-0.118750648573,0.0487314797938,0
927,9.88769817352,-0.119208140671,0.0486340671778,0
928,9.89782214165,-0.119655686244,0.0485124699771,0
929,9.90798902512,-0.120115669817,0.0484205409884,0
930,9.91810798645,-0.120488249138,0.048152897507,0
931,9.92823600769,-0.120976737887,0.0481103733182,0
932,9.93843102455,-0.121391187608,0.0479314774275,0
933,9.94850897789,-0.121874788776,0.0478840656579,0
934,9.95865511894,-0.122251328453,0.0475825481117,0
935,9.96920108795,-0.122703018785,0.0474863350391,0
936,9.9791970253,-0.123136445507,0.0473406724632,0
937,9.98932218552,-0.12355931513,0.0471694134176,0
938,9.99949216843,-0.123999496549,0.0470412895083,0
939,10.0095770359,-0.124316463247,0.0466690249741,0
940,10.0196390152,-0.124723022804,0.0464705340564,0
941,10.0297551155,-0.125102636963,0.0462147668004,0
942,10.0399050713,-0.125489104912,0.0459825061262,0
943,10.049957037,-0.125874271616,0.0457433275878,0
944,10.0600521564,-0.126141219959,0.0452473275363,0
945,10.0703511238,-0.126507840306,0.0449885800481,0
946,10.0802710056,-0.126882053912,0.0447285920382,0
947,10.0903551579,-0.127197470516,0.0443429276347,0
948,10.100520134,-0.127355683222,0.0436505563557,0
949,10.1106081009,-0.127664986253,0.0432591736317,0
950,10.1207079887,-0.128003391996,0.0429241843522,0
951,10.1308259964,-0.128308086842,0.0425246581435,0
952,10.1409151554,-0.128597001731,0.04209600389,0
953,10.1509799957,-0.128734722733,0.0413575470448,0
954,10.1611189842,-0.12909406051,0.0410652086139,0
955,10.1712291241,-0.129396592826,0.0406620725989,0
956,10.1813111305,-0.129758606106,0.0403702929616,0
957,10.1914691925,-0.130105930939,0.040055859834,0
958,10.2015600204,-0.130271790177,0.0393821671605,0
959,10.2116141319,-0.130597645417,0.0390233881772,0
960,10.2217190266,-0.130834380537,0.0384856536984,0
961,10.2318310738,-0.131170231476,0.0381450541317,0
962,10.2419540882,-0.131360960379,0.0374991185963,0
963,10.2522280216,-0.131747285277,0.037256963551,0
964,10.26237607,-0.132136853039,0.0370299965143,0
965,10.2724370956,-0.132532078773,0.036814250052,0
966,10.2824990749,-0.133000296727,0.036732185632,0
967,10.2926840782,-0.133524104208,0.0367762967944,0
968,10.3027191162,-0.134041249007,0.0368157848716,0
969,10.3126671314,-0.134587530419,0.0368960462511,0
970,10.3227901459,-0.135142513737,0.0370046310127,0
971,10.3328039646,-0.135692611337,0.0370877087116,0
972,10.3429751396,-0.136319389567,0.0373241715133,0
973,10.3531460762,-0.136832166463,0.037346817553,0
974,10.3631751537,-0.137391492352,0.0374535731971,0
975,10.3732941151,-0.13792553544,0.0375148653984,0
976,10.3833620548,-0.138497197628,0.037644982338,0
977,10.3934941292,-0.139002903178,0.0376459993422,0
978,10.4035980701,-0.139565448463,0.0377511829138,0
979,10.4137971401,-0.140050022304,0.0377093404531,0
980,10.4239070415,-0.140584145859,0.0377660728991,0
981,10.4340221882,-0.141120508686,0.0378222055733,0
982,10.444188118,-0.141607145965,0.0377784818411,0
983,10.4543581009,-0.142145333812,0.0378527604043,0
984,10.4643790722,-0.142638240382,0.0378279648721,0
985,10.4744851589,-0.143136580661,0.037802759558,0
986,10.4847040176,-0.143665777147,0.0378586500883,0
987,10.4947290421,-0.144135130197,0.0377913489938,0
988,10.504789114,-0.144603283331,0.0377145670354,0
989,10.5149199963,-0.145037655532,0.037572607398,0
990,10.5250270367,-0.14545080848,0.0373907126486,0
991,10.5351090431,-0.14573548995,0.036948274821,0
992,10.5452270508,-0.146091767773,0.0366509370506,0
993,10.555325985,-0.146401732042,0.0362632609904,0
994,10.5654020309,-0.146811559424,0.0360702089965,0
995,10.5755290985,-0.147221667692,0.0358811281621,0
996,10.5856220722,-0.147761011124,0.0359503030777,0
997,10.5957171917,-0.14834751673,0.0361133255064,0
998,10.6058170795,-0.148840373382,0.0360895507038,0
999,10.6159119606,-0.149409893155,0.0362174808979,0
1000,10.6260230541,-0.15008215867,0.0365544073284,0
1001,10.6360991001,-0.150712329149,0.0368029475212,0
1002,10.6462171078,-0.151262275875,0.0368901342154,0
1003,10.6563441753,-0.151795751974,0.0369507931173,0
1004,10.6664071083,-0.152330156788,0.0370026044548,0
1005,10.6765770912,-0.152888543531,0.0371139906347,0
1006,10.6866309643,-0.153363473341,0.0370516441762,0
1007,10.6967530251,-0.153872347623,0.0370574966073,0
1008,10.7068719864,-0.154363012686,0.0370330102742,0
1009,10.716930151,-0.154896103218,0.0370630957186,0
1010,10.7272911072,-0.155399324372,0.0370589531958,0
1011,10.7373969555,-0.155881107971,0.037015106529,0
1012,10.7474710941,-0.156330193952,0.0369008816779,0
1013,10.7575950623,-0.156708328798,0.0366442538798,0
1014,10.7677240372,-0.157076859474,0.0363730192184,0
1015,10.7778069973,-0.157459595054,0.0361316725612,0
1016,10.7878751755,-0.157864388451,0.0359300784767,0
1017,10.7979869843,-0.158280139416,0.0357479676604,0
1018,10.8081231117,-0.158746304736,0.0356873087585,0
1019,10.8180530071,-0.159379032999,0.0359326675534,0
1020,10.8282539845,-0.15988021493,0.0359228253365,0
1021,10.8383760452,-0.160445141792,0.0360425710678,0
1022,10.8484771252,-0.160800430924,0.0357417538762,0
1023,10.8585910797,-0.161386720836,0.0359089225531,0
1024,10.8686451912,-0.161917616054,0.0359615348279,0
1025,10.8787369728,-0.162462454289,0.0360391959548,0
1026,10.8888571262,-0.163032424077,0.0361611358821,0
1027,10.8990371227,-0.16359902136,0.0362827442586,0
1028,10.9091529846,-0.164101566747,0.0362824238837,0
1029,10.9192070961,-0.164750667661,0.0365673229098,0
1030,10.9293401241,-0.165210315958,0.0364760346711,0
1031,10.9394459724,-0.165479703248,0.0360084921122,0
1032,10.9495091438,-0.165986783803,0.03600884974,0
1033,10.9596471786,-0.166343709826,0.0357147157192,0
1034,10.9697270393,-0.166855360195,0.0357287190855,0
1035,10.979820013,-0.167216446251,0.0354379937053,0
1036,10.989948988,-0.167618583888,0.0352325662971,0
1037,11.0000460148,-0.168097062036,0.0351779125631,0
1038,11.0101621151,-0.168647488579,0.0352727584541,0
1039,11.020222187,-0.169210582227,0.035387955606,0
1040,11.0303320885,-0.169734441489,0.0354237779975,0
1041,11.0404510498,-0.170270525292,0.0354889370501,0
1042,11.0505211353,-0.170948365703,0.0358215160668,0
1043,11.0607521534,-0.171473282576,0.0358770489693,0
1044,11.0706951618,-0.171967577562,0.0358589403331,0
1045,11.0807621479,-0.17244800441,0.035804297775,0
1046,11.0909171104,-0.172895098478,0.0356871858239,0
1047,11.1010301113,-0.173281656578,0.0354478098452,0
1048,11.1111550331,-0.173710375279,0.0352923497558,0
1049,11.121284008,-0.174124445021,0.0351095944643,0
1050,11.1313929558,-0.17463615872,0.0351205058396,0
1051,11.141518116,-0.175231362879,0.0352946072817,0
1052,11.1516811848,-0.175915889442,0.0356590598822,0
1053,11.16172719,-0.176446359232,0.035706911236,0
1054,11.1718580723,-0.176948622614,0.0357022359967,0
1055,11.1819500923,-0.177477255464,0.0357485115528,0
1056,11.1920599937,-0.177939247712,0.0356481783092,0
1057,11.2023031712,-0.178345526382,0.0354521535337,0
1058,11.2123889923,-0.17883775942,0.035422410816,0
1059,11.2225310802,-0.179345233366,0.0354289673269,0
1060,11.232614994,-0.179805314168,0.0353412143886,0
1061,11.2426941395,-0.180138598755,0.0349933840334,0
1062,11.2528381348,-0.180673814192,0.0350577123463,0
1063,11.2628991604,-0.181517782807,0.0357363522053,0
1064,11.2729921341,-0.181797137856,0.0352815687656,0
1065,11.2831270695,-0.182596959546,0.0358715094626,0
1066,11.2932240963,-0.183062991127,0.0357959680259,0
1067,11.3033001423,-0.1833130382,0.0352833792567,0
1068,11.3134269714,-0.183800841868,0.0352521687746,0
1069,11.3234951496,-0.184250537306,0.0351383760571,0
1070,11.3336269855,-0.184742105752,0.0350920930505,0
1071,11.3439211845,-0.185253993049,0.035127479583,0
1072,11.3538050652,-0.185754586011,0.0351222530007,0
1073,11.3638691902,-0.186216555908,0.0350339151919,0
1074,11.3739919662,-0.187160345539,0.0359058789909,0
1075,11.3841481209,-0.187165201455,0.0349041000009,0
1076,11.3942630291,-0.188066975027,0.0356997326016,0
1077,11.4043421745,-0.188621797413,0.0357866808772,0
1078,11.4145691395,-0.189177194238,0.035892277956,0
1079,11.4246211052,-0.189575048536,0.0356841012836,0
1080,11.4346599579,-0.189785762876,0.0350922271609,0
1081,11.4447929859,-0.190587351099,0.0356815047562,0
1082,11.4549319744,-0.190750789642,0.0350061655045,0
1083,11.4649541378,-0.191215727106,0.0349209494889,0
1084,11.4751050472,-0.191727541015,0.0349211655557,0
1085,11.4853391647,-0.192211850733,0.0348966047168,0
1086,11.4952709675,-0.192719507217,0.0348972082138,0
1087,11.5054180622,-0.193202766404,0.0348505191505,0
1088,11.5155501366,-0.193713885546,0.0348693728447,0
1089,11.5255839825,-0.194303276017,0.0350357331336,0
1090,11.535708189,-0.194847315922,0.0351307280362,0
1091,11.5456390381,-0.19534737505,0.0351208336651,0
1092,11.5557391644,-0.195838586986,0.0350931733847,0
1093,11.5658400059,-0.196299038827,0.0350015610456,0
1094,11.5759651661,-0.19670837298,0.0348104313016,0
1095,11.5860631466,-0.197221671045,0.0348276346922,0
1096,11.596157074,-0.197781858593,0.0349329188466,0
1097,11.6063079834,-0.198691857979,0.0357411168516,0
1098,11.6164259911,-0.199217730761,0.0357802510262,0
1099,11.6265521049,-0.199759930745,0.0358439572155,0
1100,11.6367590427,-0.199889992177,0.0351034849882,0
1101,11.6467649937,-0.200350555032,0.035015694797,0
1102,11.6568541527,-0.200754319504,0.034807536751,0
1103,11.6670110226,-0.201292439178,0.0348687805235,0
1104,11.6771609783,-0.202242484689,0.0357723534107,0
1105,11.6871261597,-0.202733044326,0.0357379764318,0
1106,11.6972811222,-0.20282445848,0.0349123179913,0
1107,11.7073659897,-0.203699310124,0.0356555134058,0
1108,11.7174310684,-0.204209835082,0.0356631651521,0
1109,11.7275650501,-0.204724472761,0.0356815457344,0
1110,11.7376739979,-0.205208492652,0.0356414802372,0
1111,11.7477550507,-0.20569257699,0.0355964414775,0
1112,11.757887125,-0.206191401929,0.035583101213,0
1113,11.7679970264,-0.206636905298,0.0354639999568,0
1114,11.7780981064,-0.207159317657,0.0354998372495,0
1115,11.7881879807,-0.207674612477,0.0355159081519,0
1116,11.798333168,-0.208182854578,0.0355215929449,0
1117,11.8084411621,-0.208619042486,0.0353941842914,0
1118,11.8184390068,-0.209103667364,0.0353407375515,0
1119,11.8286659718,-0.209584381059,0.0352896489203,0
1120,11.838791132,-0.210117359459,0.0353469997644,0
1121,11.8488771915,-0.210644593462,0.0353854708374,0
1122,11.8590371609,-0.211138822138,0.0353705435991,0
1123,11.8690710068,-0.21167293191,0.0354284644127,0
1124,11.8791739941,-0.212174736708,0.0354193672538,0
1125,11.8893010616,-0.212679721415,0.0354226380587,0
1126,11.8993680477,-0.213175592571,0.0354018881917,0
1127,11.9094929695,-0.213698545471,0.0354358740151,0
1128,11.9196121693,-0.213858365268,0.0347489342093,0
1129,11.9296779633,-0.21470506452,0.0354298166931,0
1130,11.9398031235,-0.215197089687,0.0354029722512,0
1131,11.9499120712,-0.21572810784,0.0354538038373,0
1132,11.9600241184,-0.216248451546,0.0354830957949,0
1133,11.970138073,-0.216771527752,0.0355221442878,0
1134,11.9802091122,-0.217283315957,0.0355308204889,0
1135,11.9903581142,-0.217789646611,0.0355366878211,0
1136,12.000426054,-0.218348802999,0.0356411971152,0
1137,12.0105640888,-0.218892084062,0.0357114523649,0
1138,12.0207271576,-0.219435121119,0.035793736577,0
1139,12.0307650566,-0.219908609614,0.0357307009399,0
1140,12.0408651829,-0.220412584767,0.0357226543128,0
1141,12.0510251522,-0.22093080245,0.0357574932277,0
1142,12.0610411167,-0.221446222067,0.0357751250267,0
1143,12.0711731911,-0.221972156689,0.0358104966581,0
1144,12.0813381672,-0.222528550029,0.0359106957912,0
1145,12.0914640427,-0.223048716038,0.0359426364303,0
1146,12.1015479565,-0.223596376553,0.0360226519406,0
1147,12.1117010117,-0.224095218256,0.0360043384135,0
1148,12.121860981,-0.224597005174,0.0359972082078,0
1149,12.1319680214,-0.225085440278,0.0359623730183,0
1150,12.1420850754,-0.225433921441,0.0356485359371,0
1151,12.1521930695,-0.225898675993,0.0355699397624,0
1152,12.1622741222,-0.226476375386,0.0357163511217,0
1153,12.1723639965,-0.227043639496,0.0358372665942,0
1154,12.182500124,-0.227611192316,0.0359594747424,0
1155,12.1926290989,-0.228107242659,0.0359449721873,0
1156,12.2026951313,-0.228578858078,0.0358766168356,0
1157,12.2128109932,-0.22904416807,0.0357982255518,0
1158,12.2229011059,-0.229417282343,0.035536468029,0
1159,12.2329809666,-0.229971048236,0.0356294810772,0
1160,12.2431261539,-0.230589424819,0.0358561500907,0
1161,12.2532269955,-0.231065772101,0.0358077250421,0
1162,12.2632381916,-0.231548331678,0.0357555598021,0
1163,12.2734110355,-0.231980815902,0.0356081314385,0
1164,12.2835350037,-0.232523078471,0.0356804504991,0
1165,12.2936570644,-0.233012700453,0.0356452949345,0
1166,12.3038010597,-0.233533229306,0.0356768406928,0
1167,12.3138961792,-0.234016660601,0.0356289222836,0
1168,12.3240439892,-0.234494864568,0.0355684272945,0
1169,12.3342130184,-0.235019173846,0.035610537976,0
1170,12.3442780972,-0.235512940213,0.0355867706239,0
1171,12.354391098,-0.236038567498,0.0356296338141,0
1172,12.3644750118,-0.236504268646,0.0355471372604,0
1173,12.3746140003,-0.237052617595,0.035632725805,0
1174,12.3847250938,-0.237592256814,0.0357022061944,0
1175,12.3948230743,-0.238097056374,0.0357000045478,0
1176,12.404941082,-0.238584837317,0.03567096591,0
1177,12.4149870872,-0.239113999903,0.0357201844454,0
1178,12.4250781536,-0.239631605521,0.0357378013432,0
1179,12.435254097,-0.240164285153,0.0358006581664,0
1180,12.4452791214,-0.240652015433,0.0357594303787,0
1181,12.4554460049,-0.241177399084,0.0358001850545,0
1182,12.4655461311,-0.241708453372,0.035854998976,0
1183,12.4756190777,-0.242056230456,0.0355441644788,0
1184,12.4856829643,-0.242704368383,0.0358258262277,0
1185,12.4958291054,-0.243198819831,0.0358055271208,0
1186,12.5059211254,-0.243684971705,0.0357721336186,0
1187,12.5159780979,-0.244222071394,0.0358364395797,0
1188,12.5260770321,-0.24470135197,0.0357811972499,0
1189,12.5362150669,-0.245206901431,0.0357860028744,0
1190,12.5462779999,-0.245742109418,0.0358484089375,0
1191,12.556358099,-0.246261333674,0.0358741506934,0
1192,12.5664851665,-0.246762141585,0.0358602702618,0
1193,12.5766401291,-0.247183870152,0.0357024408877,0
1194,12.5866529942,-0.247743979096,0.0358077585697,0
1195,12.5968019962,-0.248275022954,0.0358594283462,0
1196,12.6069061756,-0.248730087653,0.0357642658055,0
1197,12.616959095,-0.249255878851,0.0357776544988,0
1198,12.627341032,-0.249764760584,0.0357866212726,0
1199,12.6374289989,-0.250278215483,0.0358062125742,0
1200,12.6475021839,-0.250769283623,0.0357716605067,0
1201,12.6576690674,-0.25124883838,0.0357235707343,0
1202,12.6677410603,-0.251777805388,0.0357619076967,0
1203,12.6779370308,-0.252284445241,0.0357726849616,0
1204,12.6879620552,-0.252791201323,0.035780094564,0
1205,12.6980230808,-0.253264216334,0.0357127264142,0
1206,12.7081570625,-0.253760382906,0.0356948561966,0
1207,12.7182590961,-0.254242558777,0.0356511026621,0
1208,12.7283401489,-0.254809915647,0.0357732288539,0
1209,12.7384660244,-0.255316334218,0.0357789620757,0
1210,12.7485370636,-0.255769564584,0.0356730259955,0
1211,12.7586610317,-0.256290563196,0.0356836244464,0
1212,12.7689750195,-0.256834227592,0.0357642546296,0
1213,12.7790420055,-0.257359133661,0.0357990711927,0
1214,12.7891919613,-0.257810176536,0.035697247833,0
1215,12.7992310524,-0.25830972977,0.0356852449477,0
1216,12.8093421459,-0.258858495951,0.0357847809792,0
1217,12.8193221092,-0.259318854287,0.0356903113425,0
1218,12.8294739723,-0.259784446284,0.0356107912958,0
1219,12.8395810127,-0.260321541503,0.03566807881,0
1220,12.849750042,-0.260862020403,0.0357338264585,0
1221,12.8599021435,-0.2613772396,0.0357562787831,0
1222,12.8699820042,-0.261820601299,0.0356271006167,0
1223,12.8801410198,-0.262359387428,0.0356929674745,0
1224,12.8902580738,-0.262893202156,0.0357451960444,0
1225,12.9004120827,-0.263367146626,0.0356634743512,0
1226,12.910708189,-0.263894508407,0.0357102118433,0
1227,12.9207880497,-0.264400660247,0.0357169136405,0
1228,12.9308440685,-0.264893906936,0.0356952063739,0
1229,12.940926075,-0.265393992886,0.0356811694801,0
1230,12.9510681629,-0.265936140344,0.035758074373,0
1231,12.9611420631,-0.266446167976,0.0357690230012,0
1232,12.9712331295,-0.266972841695,0.0358110703528,0
1233,12.9813461304,-0.267435028031,0.035723451525,0
